track_id,energy,danceability,valence,tempo,acousticness,instrumentalness,liveness,speechiness,artist,album,genre,play_count,skip_count
track_0,0.6156354589595345,0.2161238986751852,0.49316842088876317,117.26772418940918,0.2929668215736453,0.10053731072707937,0.26749160474348643,0.13217439632278377,artist_0,album_0,Jazz,9,1
track_1,0.499996616136798,0.8145164540827154,0.34239554012967355,114.87760081505078,0.15279940227575833,0.010947301718916384,0.22086986103636347,0.4283032531058359,artist_1,album_1,Pop,6,5
track_2,0.6186075304926358,0.598247057234882,0.17169585773715199,47.81285546970309,0.03524149248789131,0.08490054321027996,0.5091162578153205,0.06093016165995819,artist_2,album_2,Hip-Hop,6,0
track_3,0.3141104627643281,0.4817693403505736,0.884773299773861,76.29955676027754,0.045432559149337845,0.19959138202044577,0.11916768596527105,0.12850674783333435,artist_3,album_3,Rock,12,3
track_4,0.9025159779864478,0.20051527805090485,0.27109136805295203,107.35217812327191,0.5852859617124707,0.16094021808060455,0.4091911498938623,0.04955250389732823,artist_4,album_4,Hip-Hop,8,0
track_5,0.2416794010866928,0.6507824181797622,0.3283060043548363,80.5748772268549,0.3607932975355195,0.22375296018900484,0.010560173914765698,0.07755784069417793,artist_5,album_5,Rock,8,2
track_6,0.7582342954533831,0.15615606352650638,0.366173044553541,143.80047971058175,0.0659448999117844,0.18680637724225074,0.5728604031201212,0.010135814577888723,artist_6,album_6,Hip-Hop,6,3
track_7,0.36838946817435975,0.6834981934488148,0.4336201838707415,132.55718657973463,0.731895189858465,0.19369175607096306,0.10284696665896842,0.28321662578118056,artist_7,album_7,Indie,3,2
track_8,0.4327478644229819,0.2824210293558184,0.577532320185253,130.78607830553608,0.22389372331509536,0.15530988659811448,0.15633130104951504,0.10240920124273413,artist_8,album_8,Hip-Hop,6,2
track_9,0.7203956577596378,0.9551231444950554,0.7122514318486434,41.86959194355885,0.20792016504533206,0.15764596352666435,0.18475107582099815,0.1296143262028258,artist_9,album_9,Pop,5,2
track_10,0.8473196668199093,0.3745400584067476,0.7398927523659629,104.23624757379318,0.07263917461075173,0.3663514226013717,0.23753499374091633,0.07091889137451816,artist_10,album_10,Hip-Hop,8,3
track_11,0.19644526837859508,0.4827746725181222,0.911076127883734,99.0715064817283,0.11269800031654605,0.334565162906932,0.03784225159639951,0.030381497871286307,artist_11,album_11,Pop,4,2
track_12,0.5971642359628521,0.599052476475761,0.582248633519846,91.37836637686237,0.2747302591286648,0.37464286248198625,0.19437010107333744,0.46139790372787903,artist_12,album_12,Pop,4,0
track_13,0.53789069824926,0.3440070832097046,0.8790605228921126,107.54474156508864,0.2171026987195718,0.1453967062753504,0.2804757124059016,0.45456883579901247,artist_13,album_13,Rock,7,1
track_14,0.2490131631378501,0.7798056863971972,0.41006890351970765,86.21285378741811,0.020823352444773874,0.21564175681532655,0.0386293310015034,0.01216539482232639,artist_14,album_14,Rock,4,4
track_15,0.635354542418434,0.5459171225058733,0.5244146855034801,126.45662198850654,0.00963255824088365,0.15939053592812358,0.2649968270269449,0.002746943514001815,artist_15,album_15,Rock,6,2
track_16,0.26576237332913755,0.10742679418446002,0.4734115304024224,142.99654063013315,0.7451016723814842,0.11089248078477326,0.5541028089646494,0.0045791017000566805,artist_16,album_16,Indie,4,2
track_17,0.5154030943591819,0.16864761500451966,0.7048211796596074,140.41151215271015,0.02812625584228178,0.08670704072468066,0.02807220851432537,0.019594291130767588,artist_17,album_17,Rock,9,1
track_18,0.38153366831030366,0.8052208550551159,0.33367257901719416,115.86266244865558,0.24247904228254694,0.21971660530305429,0.009802422167130193,0.019049201749563722,artist_18,album_18,Rock,4,1
track_19,0.4381079245774021,0.4298239687122967,0.7839373301954953,179.97719089000506,0.06330528364712679,0.0047556001995982386,0.008688338901789577,0.049446535588614185,artist_19,album_19,Pop,8,2
track_20,0.4183952466696299,0.4764328345679041,0.449797229599965,154.1992534350153,0.28073126193757014,0.2031126272029604,0.15905108277758775,0.016113323976733804,artist_20,album_0,Hip-Hop,6,1
track_21,0.693050337757422,0.4254252726683993,0.5240556149380021,116.95325388982344,0.021902000329825214,0.13151722812982494,0.157211381830496,0.07874581544535676,artist_21,album_1,Hip-Hop,7,1
track_22,0.26002611341832005,0.3340588679559077,0.3259956839721933,105.53183369395451,0.5205641204649409,0.1280636457923349,0.03073398897503526,0.13057321921058065,artist_22,album_2,Rock,5,3
track_23,0.5763284013658532,0.47807321432069666,0.4435910003730222,160.1408148834576,0.7746678792664686,0.03171157503094356,0.08931816898824316,0.08695215547649543,artist_23,album_3,Indie,7,3
track_24,0.3917953008916768,0.419697750211921,0.41579983723200376,150.227420482882,0.39387769580238347,0.018082097489853188,0.1890571894649865,0.05220469329460833,artist_24,album_4,Hip-Hop,8,1
track_25,0.42893773821903497,0.9330336347088483,0.5698673761934718,77.68718388527311,0.240367101656499,0.18811332080777698,0.302768986056734,0.13130141040683627,artist_25,album_5,Rock,11,3
track_26,0.5967851585411745,0.449721862661851,0.1659150073809396,152.57463957686238,0.1679040751063298,0.045476504059897054,0.2244569210610711,0.2317899083276495,artist_26,album_6,Hip-Hop,8,3
track_27,0.35539474515981556,0.2659583932817942,0.4848974379270873,115.36879395828213,0.07790971619619869,0.14757257616229952,0.04668334080994468,0.199107501562905,artist_27,album_7,Hip-Hop,7,2
track_28,0.41707042542585065,0.5964935819945433,0.5513293233079474,94.17265408219924,0.12202534749424067,0.1324401370794412,0.0333605969363102,0.08516167549860347,artist_28,album_8,Hip-Hop,5,1
track_29,0.5063343496295459,0.5577415490282684,0.40864307518849996,60.62382422278011,0.3465876435528257,0.05701579862015602,0.6002485699164545,0.1331460876728624,artist_29,album_9,Pop,7,3
track_30,0.26510846152403617,0.22371810368803652,0.7895334245148313,111.93251415906596,0.1941024125533071,0.053174472700681034,0.27913004874821207,0.49039693966626,artist_30,album_10,Pop,3,2
track_31,0.3952464769915693,0.6828341647128444,0.6581363983752028,119.63317244340224,0.1273274187356032,0.29172137797903397,0.7354508286677103,0.19368287330367448,artist_31,album_11,Pop,3,2
track_32,0.5625140647497483,0.398320934216961,0.7274450894687855,167.61982962330654,0.16229693056247232,0.3414551928352587,0.00301580340692151,0.04100449063832996,artist_32,album_12,Hip-Hop,4,2
track_33,0.11593449875168228,0.2289220186224238,0.2707550016315828,148.71701423246057,0.13169680048954088,0.008330937403159497,0.28628640454002224,0.22733399804181958,artist_33,album_13,Electronic,10,3
track_34,0.19302400828250682,0.5231493909426506,0.5279532272164745,102.51339835871896,0.6470418483483432,0.10022895650478539,0.010406774337117921,0.33816381077199936,artist_34,album_14,Rock,5,1
track_35,0.4066672141999295,0.4605604182835822,0.06833451499103059,131.6802718265921,0.009203222514307345,0.27030376231646025,0.26708035461322477,0.04548418876107504,artist_35,album_15,Pop,8,3
track_36,0.5605532279283414,0.06439287611802949,0.3237109784718368,144.7874826801847,0.026574286732679173,0.19393063997687207,0.07542408507250974,0.37116758686798035,artist_36,album_16,Indie,9,1
track_37,0.9068147633523634,0.8908663310214988,0.7702603672388166,122.57872164051646,0.33879220661619464,0.08408246068009813,0.2322202257072258,0.10041406566206322,artist_37,album_17,Electronic,7,5
track_38,0.39845175637842106,0.3829378414064383,0.2330161916156874,102.38537522906388,0.36515914226321095,0.11187149872336813,0.5281898985630514,0.009538259306411008,artist_38,album_18,Electronic,4,2
track_39,0.1698036608879889,0.4253678459441038,0.5559654631745656,104.03482631269662,0.048965682121000824,0.3000919449069708,0.17251256679018687,0.2513363925762221,artist_39,album_19,Hip-Hop,7,1
track_40,0.13908994321663457,0.4621625388455512,0.21668553168035207,131.56419211370857,0.176172626785573,0.41168377694295044,0.38429265231268545,0.09032185506796565,artist_40,album_0,Electronic,4,2
track_41,0.39714612700773827,0.6340029511195178,0.14922200614082123,132.38941696575142,0.28279863812508976,0.3341711504780238,0.10118715602669513,0.23953004679540535,artist_41,album_1,Pop,8,2
track_42,0.8480405433381658,0.6786165943085531,0.7185541092582406,111.21136152709366,0.20714333754010875,0.26458883218448004,0.12317538147308632,0.39431439341309993,artist_42,album_2,Pop,7,1
track_43,0.14824897771351775,0.5748076235917791,0.4946086383047695,41.42543384839982,0.2651104399029376,0.04912121154081221,0.05936542678357054,0.05926583380073012,artist_43,album_3,Pop,3,0
track_44,0.41173746713706805,0.06401739313936436,0.10172496101993005,81.28431818126128,0.2535442760632383,0.03637077965105888,0.07123421424327937,0.4839751276827477,artist_44,album_4,Indie,2,2
track_45,0.5393251704548254,0.19589824113412588,0.09659549568169376,138.59066764836336,0.05477706003339844,0.21877466474283577,0.28584424715398415,0.03938082026647249,artist_45,album_5,Pop,3,3
track_46,0.3199619669052693,0.635349846497243,0.536339360267551,56.07486007932373,0.08181001729175194,0.16047959851661994,0.09865848141911811,0.3397341417543113,artist_46,album_6,Rock,6,1
track_47,0.6964589982602788,0.4791250899128327,0.6899107969834888,155.52543049101644,0.22800383299960802,0.08843492588750501,0.043714843233473855,0.17626635527332357,artist_47,album_7,Rock,5,2
track_48,0.6970727922674722,0.49066009937890775,0.32451418376023733,151.08471783415513,0.15458782830706536,0.2840276900249496,0.10942255541796513,0.19507592426007905,artist_48,album_8,Rock,6,4
track_49,0.1939234406739954,0.608805456364106,0.6814784256960218,121.23289145799617,0.5488842099906505,0.25666934413251385,0.04922241513215239,0.008180726864465497,artist_49,album_9,Electronic,9,2
track_50,0.5896672795115494,0.5867715218422724,0.566982838155707,137.93793102685822,0.14049960527735164,0.06351002947852498,0.2710468381809346,0.19667915849806708,artist_0,album_10,Pop,5,2
track_51,0.6113367863832901,0.6962212071320667,0.4279991594364878,135.86324035076657,0.48991868138942396,0.0766078466811739,0.13797066257427268,0.19449276663648057,artist_1,album_11,Rock,7,2
track_52,0.4222403661995449,0.48576950284049725,0.5664105347156728,116.49380614901361,0.27116099524127746,0.07541646119438268,0.2060609059404926,0.07663239009420492,artist_2,album_12,Indie,4,2
track_53,0.27969737062888184,0.46465506964930453,0.2387227494453461,78.7833264723429,0.363855997600747,0.1299097147096549,0.14859315678230475,0.07399813776780294,artist_3,album_13,Pop,5,3
track_54,0.7684734496241028,0.4530781517871369,0.47464579197881224,149.0181892518506,0.5618740944871765,0.1258689841380838,0.16769256658538687,0.034655151734140466,artist_4,album_14,Hip-Hop,9,2
track_55,0.2102880233199519,0.5678906228941064,0.3048060086734423,162.21690034150905,0.44557585072912254,0.011897716719939092,0.07932870877481558,0.194047239458868,artist_5,album_15,Electronic,6,1
track_56,0.33495006642058367,0.7028633511440658,0.4464998528310423,83.74228427272973,0.3404547060936412,0.20175209494745583,0.006049209425661171,0.22050143213379958,artist_6,album_16,Jazz,8,2
track_57,0.5993590168693158,0.5114783166124335,0.3708414730422278,77.66234984490902,0.2486991193800502,0.016991900744475895,0.22054817546231284,0.30922137456109233,artist_7,album_17,Electronic,3,2
track_58,0.6788077844681117,0.8538568187435791,0.20377340434762375,115.89609285727977,0.4210164393508579,0.26126557165371145,0.29053126993791817,0.23427735197375218,artist_8,album_18,Rock,6,1
track_59,0.7901257201512977,0.4229344347131235,0.6101276817225841,101.2132621309065,0.04159723179621618,0.2518103619631516,0.08290910507285014,0.16693442927781485,artist_9,album_19,Hip-Hop,11,2
track_60,0.29030466696113333,0.9054369907694301,0.8894346972635343,124.34847720616378,0.09343114248223308,0.1531998837379851,0.1536092470453698,0.090425764220572,artist_10,album_0,Pop,5,0
track_61,0.7491170867631803,0.22441186447357334,0.6344311257206667,156.2398211958116,0.1633201065305312,0.04126937879090294,0.026129871995368502,0.11937051275595023,artist_11,album_1,Pop,6,4
track_62,0.5044392958680626,0.35211012198405955,0.5222855311321478,52.62988685182513,0.0015881757790305773,0.11209285216779688,0.188832016487565,0.01824546958748242,artist_12,album_2,Pop,4,3
track_63,0.5002135634915037,0.11303333256561988,0.6132085062103195,167.43815854857465,0.031692945728284294,0.19991038030073935,0.11815667430882933,0.1534355144915095,artist_13,album_3,Rock,4,2
track_64,0.4289774439913693,0.20160204036907312,0.7803722113077954,107.7999467436924,0.2990415712832657,0.007651390983856779,0.40066111735777177,0.06089531772239844,artist_14,album_4,Electronic,9,5
track_65,0.7565908249239299,0.6377036025358227,0.8671563157718304,135.35336935951483,8.453126996187312e-05,0.43333384026748223,0.2689387179912962,0.19125861259751775,artist_15,album_5,Rock,4,4
track_66,0.16869930039329645,0.4949967556507848,0.45565740741004634,138.56177514313399,0.022430921610469542,0.0019000337710288672,0.11770519498476768,0.11555458827297327,artist_16,album_6,Hip-Hop,8,2
track_67,0.17019478824112313,0.67088656571467,0.38567543767890466,142.06023462593387,0.26365622137846884,0.29203460992267033,0.37390223494139874,0.4032699787438627,artist_17,album_7,Rock,9,1
track_68,0.7950883484834409,0.4358550081500737,0.541498638279176,121.85724312089991,0.20503827156515872,0.37294873856109106,0.24635855001401208,0.11782468710116578,artist_18,album_8,Rock,5,0
track_69,0.6106187875953989,0.1856176446761643,0.30389434769256185,128.86681805360237,0.27420017468368624,0.3119699291510365,0.3027257456555537,0.3285665623100464,artist_19,album_9,Jazz,6,0
track_70,0.8412260487015498,0.4053432633246816,0.1894267577477926,128.6706615181621,0.11232804634178846,0.0027416074278786414,0.05437496976389626,0.3907140512258817,artist_20,album_10,Pop,7,2
track_71,0.6959094476948927,0.7924535099373907,0.6085310835446229,101.09151597661658,0.034596384692566824,0.13969540982906015,0.15652901056593757,0.3858941630792533,artist_21,album_11,Hip-Hop,2,0
track_72,0.387484578731324,0.3617319194582917,0.6166967954013596,67.25834425688407,0.1370794331899659,0.0697371901523344,0.3659859938074318,0.10709816427361549,artist_22,album_12,Rock,3,4
track_73,0.7306097246821639,0.5126110869553618,0.20501604001341558,83.42442516704416,0.13229500021088944,0.08221684281645031,0.26408539652314617,0.06166529194216587,artist_23,album_13,Pop,4,1
track_74,0.6518903868238308,0.59126554031598,0.34178755846410225,116.87286061505897,0.3888744794442976,0.22968113912512444,0.2254590121603716,0.05722767163891284,artist_24,album_14,Rock,5,2
track_75,0.3378865795280868,0.05343031300707866,0.5183301460275765,96.39580029310845,0.3076964218147828,0.11016444575680034,0.01800321994952138,0.02371124254217673,artist_25,album_15,Electronic,5,3
track_76,0.46504262183912504,0.4592561257476786,0.266767286031027,96.46511782831395,0.534705063678397,0.03825180554191446,0.14692804732666093,0.3488583176688345,artist_26,album_16,Pop,5,2
track_77,0.2827647885660249,0.4797175184529798,0.6026819918372245,173.97753137058587,0.02488342561798718,0.03380720452186838,0.12365973931201749,0.01870909853427695,artist_27,album_17,Pop,4,5
track_78,0.8128423227225723,0.4086962389120079,0.41034465025196337,145.76684389979619,0.3433860736823905,0.10568158196712849,0.26517357158453875,0.2444985646729955,artist_28,album_18,Pop,6,1
track_79,0.9196572407481756,0.39353146422505153,0.7868282371059564,112.43772102270079,0.08688252602086632,0.3091140933606963,0.24957574125353327,0.4811327277486258,artist_29,album_19,Indie,6,0
track_80,0.9120340010608811,0.6628130727919546,0.7418583111434137,140.16104836966326,0.13323795773610006,0.14683389436583608,0.11491038472682095,0.2223069239421953,artist_30,album_0,Indie,3,3
track_81,0.2288307941416894,0.2093574305972679,0.8073988101725244,107.39194183227298,0.18364167155785582,0.1908639641680158,0.13444654980391182,0.03601997941035107,artist_31,album_1,Hip-Hop,7,2
track_82,0.5909661557890107,0.8163126166059047,0.3856270744859181,123.3217030255949,0.46463803344700444,0.04814812788687781,0.06650879750143288,0.2663273029109038,artist_32,album_2,Rock,4,3
track_83,0.8988904257521785,0.8101529897092681,0.732124738368013,133.24885945256747,0.4894769424864788,0.111478546710423,0.468601416895529,0.09819834260175483,artist_33,album_3,Electronic,5,2
track_84,0.36721486138356757,0.7453001903684575,0.5154695673210147,107.47182096684364,0.25354650146753366,0.08684030733505847,0.6541583582710088,0.3213003121026891,artist_34,album_4,Indie,4,0
track_85,0.6761140450897113,0.10327755392767711,0.580808454771997,99.44248357388713,0.0004499560920754787,0.266508655830374,0.24629043300905726,0.0939440771811563,artist_35,album_5,Electronic,7,2
track_86,0.2515747611989374,0.331761926299692,0.37332052997425086,156.71795455405513,0.08136395980478466,0.019287058757763983,0.013336661104084862,0.42510484449393954,artist_36,album_6,Electronic,5,1
track_87,0.5980932051761079,0.7170422102109721,0.44017319362961427,138.4233890159432,0.08581927903920689,0.3303484119366231,0.5514722047426376,0.055690757846665905,artist_37,album_7,Hip-Hop,2,3
track_88,0.43686933949919643,0.6698737247429386,0.5947879364831882,52.36167365121848,0.006056065849101567,0.27499262410766,0.23226261965631942,0.008652068794151625,artist_38,album_8,Rock,10,3
track_89,0.47358308051134723,0.7108036585016962,0.9151595569542119,99.95592209905169,0.023512500712797053,0.05204142839401031,0.2220105076298908,0.24766750881457458,artist_39,album_9,Electronic,8,1
track_90,0.6358166115237126,0.4063532473469014,0.5188361473150077,96.56182500916819,0.33645521219541596,0.25025711764052677,0.5748764376107897,0.12980326687921376,artist_40,album_10,Jazz,6,0
track_91,0.5019030577582426,0.49954173986662714,0.750731898299252,101.36585733562806,0.4925483398278274,0.08564661668822124,0.19475827201121643,0.035406175154195633,artist_41,album_11,Pop,5,3
track_92,0.7016617502696598,0.5134889868132687,0.5070343581835259,145.87206866276685,0.09919236738123205,0.24578458151982474,0.003619568225653518,0.0723501222695655,artist_42,album_12,Pop,3,1
track_93,0.585084810842511,0.28263205850369044,0.6500121464503291,120.57617904011074,0.2068920729276666,0.6482122986977882,0.6850517604385391,0.16695350049947266,artist_43,album_13,Jazz,5,6
track_94,0.11838558165974232,0.5214424562641147,0.3762975414256446,78.31110987433364,0.14453872490584938,0.1866639538820296,0.15459594774490226,0.048718651568681645,artist_44,album_14,Pop,6,2
track_95,0.5564771112158046,0.48702771295264313,0.3140241514028513,108.50355489124152,0.04559126701732901,0.06115029855805548,0.13538667127293824,0.0811727336147587,artist_45,album_15,Electronic,5,1
track_96,0.6859186131076725,0.293611008593396,0.5972362592135652,136.2521294284857,0.6680889961199656,0.07879164753870455,0.003405708270692133,0.2633566593290199,artist_46,album_16,Rock,7,2
track_97,0.6877918909197814,0.8285351089710435,0.5477050343043496,113.41064953398737,0.089317931997224,0.23777562229876523,0.111322383161206,0.3165576998513019,artist_47,album_17,Pop,4,2
track_98,0.6847805481337312,0.46071984252932174,0.35802005690752436,100.65972146509525,0.31754947772424297,0.030115016061485977,0.4177732700992112,0.2124159943008942,artist_48,album_18,Pop,8,0
track_99,0.6467663237115081,0.34056381879095693,0.46126809222312354,129.93657836215584,0.18396133553920235,0.11477781993555602,0.3115785654665184,0.03802068075529659,artist_49,album_19,Pop,6,3
track_100,0.36271500623702013,0.6115967199439811,0.9238903394796101,168.5457746831723,0.37028192718125613,0.040561264462204774,0.07994549769863787,0.070598352091535,artist_0,album_0,Pop,7,1
track_101,0.4875430615926483,0.39865639106662065,0.8675076313245735,133.84274498875556,0.12305193999819194,0.12702524107492946,0.22483358897876993,0.3905513098342769,artist_1,album_1,Rock,8,2
track_102,0.3904354900625388,0.6161102998486423,0.9436054586911915,159.02824539095096,0.2167724512349029,0.11526614196992695,0.07481186512232134,0.1591841196524813,artist_2,album_2,Indie,3,2
track_103,0.674064577452769,0.6771384442489411,0.5697733374351862,102.6715734640529,0.36620262191190456,0.0489462482108181,0.1794073725983218,0.18437122725622496,artist_3,album_3,Jazz,7,3
track_104,0.554282819490992,0.706882206855655,0.6886842588738786,119.74913666627818,0.10043155663432718,0.042686255399988667,0.016029172304282528,0.01393564161468656,artist_4,album_4,Rock,5,1
track_105,0.7233095774137626,0.5721746119492355,0.417875155118572,119.14344046392954,0.1059811210873382,0.10669118230359181,0.20739949985709394,0.4201197087931146,artist_5,album_5,Hip-Hop,7,1
track_106,0.40576184888425065,0.9045727743575344,0.04469411336452753,123.56037252203073,0.006763879521440686,0.011208991097283337,0.37595085011309104,0.322281694650445,artist_6,album_6,Hip-Hop,4,2
track_107,0.5396682090640951,0.9149545326692955,0.2976252867083218,133.21558819142749,0.0038410100886537694,0.06828539631067594,0.12504879733946786,0.22139989146860375,artist_7,album_7,Hip-Hop,7,1
track_108,0.41484741454284957,0.5345447311952394,0.2629925483445525,92.43092636835665,0.06512510384541385,0.27719577850251037,0.42751795679184845,0.03016619779184104,artist_8,album_8,Hip-Hop,9,3
track_109,0.8796031530051215,0.8829560074014714,0.6044439633652052,139.41998056540436,0.017545279691145638,0.4916833821653619,0.009953879640829695,0.4118609937101504,artist_9,album_9,Pop,4,1
track_110,0.8856111130092305,0.5485310302007377,0.4106117936425945,71.1634218313435,0.558709062023452,0.010803890031769214,0.14116306229930475,0.6000018402693026,artist_10,album_10,Pop,8,4
track_111,0.12486827529617972,0.29415088616388035,0.0755884919786629,79.92730012479954,0.46856293938617405,0.5022990858076267,0.42277201065438047,0.29475655792466104,artist_11,album_11,Pop,16,0
track_112,0.28264178401236933,0.24368650881226006,0.38521263713065773,184.0687830351969,0.32671249365880994,0.018703996836171587,0.19681714555481708,0.05676216960964232,artist_12,album_12,Pop,8,2
track_113,0.24039951481547503,0.6680174638975165,0.615835949785936,104.69637781563372,0.2368800025240017,0.08211017466855329,0.2470320950540127,0.08286565714392165,artist_13,album_13,Indie,7,5
track_114,0.08224546022030065,0.6452278097256781,0.9480381592527193,141.88558052958606,0.25263205777589937,0.2907354221672424,0.22149156370164452,0.23111653989447883,artist_14,album_14,Pop,4,3
track_115,0.7658312655792822,0.7629742861915392,0.634727055052233,170.94871177280868,0.15735189591672555,0.07194531829066127,0.16343609155654606,0.07121832809767678,artist_15,album_15,Electronic,3,3
track_116,0.7289723509470698,0.6949307345303951,0.40449350625465286,50.56631763664572,0.10343591725984749,0.08129454727340588,0.09306755521206939,0.0252752620438612,artist_16,album_16,Jazz,6,2
track_117,0.695917767286531,0.24967665608017434,0.7285468805555771,153.78738540467128,0.3388535824248271,0.03270470980693994,0.24584225597098458,0.08041747554113472,artist_17,album_17,Jazz,7,4
track_118,0.6003124764680128,0.3262942083737609,0.4080358473150913,139.46830818777812,0.24258782419440306,0.13652194165252704,0.13115720846777618,0.18955249843260666,artist_18,album_18,Jazz,7,3
track_119,0.5879785392179561,0.6003211518261808,0.5472662122469637,169.2119184279912,0.2320252199712238,0.013725443095582195,0.5103746640342786,0.27858822164345154,artist_19,album_19,Pop,5,0
track_120,0.8684385622274671,0.9455038149922586,0.652960286810083,84.55430515006118,0.09253783402586963,0.13398410539479566,0.4616308818986926,0.2737338997127817,artist_20,album_0,Hip-Hop,2,1
track_121,0.4612774920762419,0.9440455451475739,0.5798369433094489,163.53763970863838,0.0525975117516976,0.17943674864951376,0.499752325633029,0.0547264441582009,artist_21,album_1,Pop,7,6
track_122,0.23297375373255402,0.6482024796488507,0.4128721672122486,97.81756705191928,0.46926118025765595,0.058799430933659705,0.08480985117469783,0.12842538753370636,artist_22,album_2,Electronic,9,4
track_123,0.6590331100261343,0.37397782089712717,0.1391310668229398,151.6433344282997,0.04414337539003008,0.24735442800410315,0.2891140727022602,0.4270295660606828,artist_23,album_3,Electronic,3,5
track_124,0.5456265623939547,0.3213616905731911,0.19731967724693542,118.9193689273668,0.2914559863112277,0.1053167844179872,0.06825625345390889,0.28322426422772473,artist_24,album_4,Electronic,3,3
track_125,0.1680251170769777,0.31868609428699063,0.5054105491301937,143.12306419305415,0.18266109526361896,0.25896374329145394,0.4563884960352369,0.456834999553037,artist_25,album_5,Rock,3,3
track_126,0.36745914023635096,0.24745315552081149,0.20968771118084362,121.4660754991546,0.2929698110927169,0.015713479020326535,0.33602382850694473,0.1476543214049412,artist_26,album_6,Indie,6,0
track_127,0.6026905822805648,0.8858413889202637,0.0513716734270361,64.81795247439813,0.10261751577420548,0.04965903845623876,0.6423301410284922,0.4122139326289223,artist_27,album_7,Pop,8,2
track_128,0.9043183987127565,0.3479721253061512,0.31425080893572765,26.383679311686095,0.14957095696748585,0.44133137760376373,0.7090708772497528,0.2836446070469462,artist_28,album_8,Pop,8,2
track_129,0.41552841395226053,0.3786461710060417,0.7430721087278963,126.29746601950472,0.025889455512881656,0.07039127240060913,0.11100905089141654,0.27995502047226734,artist_29,album_9,Indie,10,3
track_130,0.31325535682236666,0.858385941331444,0.5267652966091655,112.08794887105957,0.07320470095877636,0.11426414151091173,0.12884310673239,0.4386342845276868,artist_30,album_10,Rock,5,1
track_131,0.7508246581381912,0.11083964405411528,0.20446092776472835,131.9466285426088,0.03500696197747069,0.08005294552194658,0.10493379476874425,0.24171205540247986,artist_31,album_11,Jazz,8,5
track_132,0.35363331884989285,0.6595397446683466,0.7259539622660135,112.43539602469275,0.20641060353617802,0.21559444376254866,0.078907186275665,0.39439107579214355,artist_32,album_12,Pop,6,7
track_133,0.10303112421893601,0.35399675312118917,0.17203308819492913,180.5423214815346,0.45686174972417193,0.005925334135378132,0.3959424431802139,0.003587516077102242,artist_33,album_13,Electronic,8,3
track_134,0.6513526894251842,0.4996175750021972,0.701654656499182,126.91611383484913,0.13438562795251688,0.03655250208477521,0.45380092788352033,0.27920205313341334,artist_34,album_14,Rock,8,2
track_135,0.5620846841796776,0.823526131257624,0.5307822959490505,106.59156817252004,0.007025891051871503,0.30056456360232253,0.06847167565417583,0.1186409040888772,artist_35,album_15,Electronic,4,4
track_136,0.566035746731617,0.23277763307731725,0.1511359509953147,130.120891990406,0.29882716766045403,0.03239515913178988,0.2984444356461146,0.3400032938132662,artist_36,album_16,Electronic,6,1
track_137,0.7322389655382122,0.32710481815508247,0.47268211799362936,107.13975609356083,0.6746786220426125,0.2414172954243631,0.3476149139685368,0.4834813999631213,artist_37,album_17,Jazz,6,0
track_138,0.6202196443754264,0.19137474764802725,0.18297846948395471,122.78790702341962,0.33914680418525167,0.41845663252816867,0.12129272864617935,0.12800184835072237,artist_38,album_18,Pop,6,2
track_139,0.582404770536907,0.6829968940890409,0.4163867718762654,83.47559438292497,0.40569171324866865,0.16178581143453918,0.12989612302950482,0.1853904291736967,artist_39,album_19,Jazz,6,2
track_140,0.4506272115503183,0.35003801929383643,0.4095238642444702,119.74244394421184,0.12222850082105714,0.11951474888763199,0.22665013208344503,0.38435076987846106,artist_40,album_0,Pop,9,0
track_141,0.3047132355190204,0.8742715731146995,0.583217588842631,105.66442811894476,0.399305889417002,0.12721163945653863,0.5307878541955496,0.07263809155463362,artist_41,album_1,Pop,3,2
track_142,0.11232651954507482,0.3773007959555529,0.710036209417829,86.31790123893961,0.2376664530283998,0.2514417490076068,0.05794302256401945,0.7546460249501249,artist_42,album_2,Rock,7,0
track_143,0.635512264275899,0.6415197843766381,0.4517137738010535,179.2720760421793,0.15451606913635932,0.02768440713872937,0.04303272504106628,0.6376838108448549,artist_43,album_3,Electronic,7,1
track_144,0.5450295275340902,0.1975285895683698,0.9277067281548911,87.487938901795,0.2086021161010381,0.0686697940584175,0.08221369080490698,0.2173719586262256,artist_44,album_4,Rock,7,0
track_145,0.3112182967384508,0.5414061622815403,0.35187586429288986,120.20892670325813,0.1176004785641109,0.14273717118182128,0.16023585668758944,0.02084168976841682,artist_45,album_5,Electronic,2,2
track_146,0.14789411849290646,0.6307603922872489,0.6701194720210356,95.91575895153728,0.34007870598732876,0.08829492572135468,0.05191650087283348,0.32625652793505977,artist_46,album_6,Indie,11,1
track_147,0.4629436039909068,0.44341904139163607,0.6850480938387882,128.91118412639625,0.22582405777396766,0.3451466160041971,0.002533620219745999,0.38963714184821296,artist_47,album_7,Pop,6,1
track_148,0.681754853461133,0.3817367319600258,0.41569550761771834,81.76844596593247,0.009281722544598296,0.207190975043185,0.09005916094631151,0.11178148314705481,artist_48,album_8,Jazz,4,0
track_149,0.6479351779442012,0.4752245619339326,0.28601352450174483,145.21070471806652,0.3484985748406459,0.08802751580111086,0.49250583291144107,0.013813332614231079,artist_49,album_9,Pop,1,0
track_150,0.2653595648239793,0.2310892296854051,0.7841548449715287,181.08468559076525,0.28089418338824884,0.10556198183041654,0.19297922325042405,0.09422473189465537,artist_0,album_10,Electronic,8,1
track_151,0.38794154908730083,0.5808853435289766,0.613095418865438,94.8138228869799,0.174303343062395,0.17416527585272867,0.005732846448002771,0.3027699188360799,artist_1,album_11,Rock,5,0
track_152,0.2738385689916113,0.5468876206192298,0.4412633398172979,156.5090658804396,0.42476603610292885,0.21254580759969866,0.06553485799028692,0.05396492769378328,artist_2,album_12,Hip-Hop,7,7
track_153,0.15810622536992103,0.03977244323563332,0.38076432589867043,108.54361966812931,0.2139380575685183,0.10835045385655623,0.09657886718352555,0.4411583213725884,artist_3,album_13,Rock,5,1
track_154,0.8946341455943861,0.5890717408939944,0.4932406409816428,165.17373363228256,0.21183743541900388,0.00757311878023621,0.013229105888354204,0.3420676306625325,artist_4,album_14,Pop,3,4
track_155,0.3567829610977888,0.5700958425092499,0.6474166954074274,185.65496958287974,0.23134031377965347,0.1746723265019266,0.048533593901160244,0.07559441629313267,artist_5,album_15,Rock,5,2
track_156,0.7643680830359548,0.6504314232788553,0.41551602862592424,112.98884964874624,0.10309000432396945,0.10985135840716184,0.1504339080442048,0.23111789453308257,artist_6,album_16,Pop,10,4
track_157,0.36247626043836084,0.39899055380559983,0.647602704053867,74.39201757316044,0.025632564553823255,0.52841485715841,0.5926879832544657,0.33032253872860906,artist_7,album_17,Pop,5,2
track_158,0.6406589719997156,0.5895428051073991,0.5831349728523578,148.4425316230827,0.6432347752634637,0.12654755608463958,0.22982657212584157,0.0019251569713445186,artist_8,album_18,Pop,6,2
track_159,0.6863606176985684,0.17759015119595148,0.7640054979025352,126.73251623832348,0.18005050090380548,0.2030582625581567,0.2030912144545974,0.006623172157317928,artist_9,album_19,Rock,9,2
track_160,0.5472116722221894,0.7853722304926926,0.6487635692177298,135.05373503332925,0.012582939825011635,0.3099316736623431,0.027089984116824155,0.020222352836425414,artist_10,album_0,Indie,3,4
track_161,0.6429154408272634,0.5828987843378755,0.9874782902392814,109.80464874466904,0.0576696892788502,0.1116884332977477,0.008423328698661664,0.3457128142477169,artist_11,album_1,Hip-Hop,3,1
track_162,0.65388917266879,0.45196897666999114,0.5605213935531626,93.46521544017902,0.3293236717142657,0.6966260140322088,0.24500907347842948,0.009745313212725102,artist_12,album_2,Electronic,6,2
track_163,0.7052526947549964,0.36962774005776194,0.9258187204942332,154.81044542900923,0.30110782288645227,0.1790601348328674,0.2798211056000852,0.005083651730051301,artist_13,album_3,Hip-Hop,5,3
track_164,0.20805415210551434,0.5727447448239777,0.4087863375775993,129.59369983668097,0.32669372933717333,0.04844807514607816,0.1598025041367388,0.19837400364467064,artist_14,album_4,Hip-Hop,9,5
track_165,0.25639851701392674,0.6533810784307836,0.8282658284390435,76.69328897448824,0.36836817583694537,0.1404027365211848,0.031046571704057297,0.5284269570260098,artist_15,album_5,Hip-Hop,7,1
track_166,0.9577272844558973,0.2461222034340349,0.8930283852273576,140.6062566960868,0.26874746655217574,0.2623680583790398,0.4923929768383593,0.2546342765923318,artist_16,album_6,Rock,10,2
track_167,0.09806207514682352,0.7927036829539393,0.3097500470068247,134.58505793899502,0.10814916158829815,0.0003504030713750525,0.036091230974387746,0.04874235403282313,artist_17,album_7,Hip-Hop,8,0
track_168,0.2828848151971761,0.5257674734686666,0.7052820242513992,110.24103227029308,0.054838100759603055,0.1565169992899836,0.0013484906537682226,0.14806812708021222,artist_18,album_8,Pop,3,3
track_169,0.59011360227352,0.4406995320714088,0.0786423542267963,168.59439702726965,0.2780911204587634,0.05430152691592506,0.2319778883281856,0.38469891981152066,artist_19,album_9,Electronic,9,3
track_170,0.6105928866396895,0.14079119229452836,0.3867784182632958,101.45480512958207,0.27789638635510266,0.23623782834641885,0.37441367252594243,0.21401342991034314,artist_20,album_10,Indie,4,0
track_171,0.7568838923694093,0.8355664815622947,0.7344052865789173,114.93040505535475,0.0220611100930881,0.038427763552981435,0.2309175774925699,0.001323395175389563,artist_21,album_11,Pop,6,1
track_172,0.6586410670822217,0.44628245494997243,0.27026450293375565,143.05944263904595,0.19688264293906538,0.1312887821094024,0.05993455062265449,0.15637731890501014,artist_22,album_12,Indie,5,0
track_173,0.7943592589134931,0.5365625754174017,0.3519596839306334,122.30288850992164,0.4736669064295711,0.03573156171630473,0.23348040375177384,0.026210274901370092,artist_23,album_13,Pop,6,0
track_174,0.2929436887832145,0.4815982027400269,0.4957550003441458,78.4673053692469,0.43277097283100385,0.3260116108225442,0.4164726144233794,0.1562420765336138,artist_24,album_14,Pop,5,1
track_175,0.05602322509006499,0.13201682741247836,0.6862563126360812,125.51398118980289,0.23588059535382966,0.039555872544623547,0.08176852135539875,0.16867596044514016,artist_25,album_15,Pop,9,3
track_176,0.7754578524948671,0.7379348332574216,0.21110547305434632,107.56830624104302,0.8254500700740435,0.09069698074360133,0.07910060080858121,0.4662134483343087,artist_26,album_16,Indie,1,2
track_177,0.39371662400567525,0.5299365220955011,0.388831225873127,145.7098873474879,0.013882345038736274,0.14864662593149758,0.2001013887549126,0.19985646330092302,artist_27,album_17,Indie,8,5
track_178,0.26318741925112715,0.3354582445637086,0.11222724118048967,124.5365503198542,0.11376711199887687,0.12462849616445303,0.3503398868277095,0.2970787971988949,artist_28,album_18,Electronic,5,2
track_179,0.811277696455205,0.550612627811257,0.855540433473044,122.83522959142172,0.3561214513075298,0.18651484032514087,0.25670363272886126,0.11936215570644863,artist_29,album_19,Pop,6,2
track_180,0.3129990102877626,0.3509689406557332,0.49343588863470617,88.55246508842845,0.10254120540015173,0.008547907286889636,0.33194289841298885,0.011845707954496609,artist_30,album_0,Hip-Hop,3,2
track_181,0.3310097468653145,0.4777164924873322,0.37375621722162494,113.09924076257984,0.11682226851237026,0.1021696206000959,0.22603246003295768,0.11222523014587828,artist_31,album_1,Indie,4,1
track_182,0.5561088701516702,0.6365690953122455,0.7407121808795866,149.1030328203796,0.18859243444737767,0.07778931207068819,0.21958358817874526,0.38962012678588226,artist_32,album_2,Pop,4,2
track_183,0.6820909633163099,0.3392410459899757,0.4428338692465554,96.70390966375886,0.09479213430271001,0.06576474099578726,0.141419092601389,0.1275329851619865,artist_33,album_3,Hip-Hop,2,1
track_184,0.5014874824468347,0.5047631096819594,0.7495498588321579,119.02349330736857,0.03234047447113704,0.3008458995003359,0.025931331647380623,0.10875631804748712,artist_34,album_4,Pop,4,0
track_185,0.7799668155571726,0.8186338423784206,0.2729702777905641,91.9066184505297,0.679017376016001,0.6323164698452809,0.34794777665057386,0.32998480374196354,artist_35,album_5,Pop,5,4
track_186,0.22913492572519903,0.33453540598727116,0.34884167432605734,84.48472076844993,0.32048434315836677,0.34184383642984045,0.04986120813285999,0.36859660569155006,artist_36,album_6,Rock,5,1
track_187,0.727471363781641,0.3327630709955022,0.5454448594743059,117.45422865031942,0.30658551851707083,0.3015247998379879,0.010866626438958438,0.30867467255248976,artist_37,album_7,Hip-Hop,8,3
track_188,0.8150163141952667,0.4289902379744926,0.7375527310690229,125.21403494632015,0.02724167234623591,0.27238943744190625,0.022198392464573943,0.30648556564836943,artist_38,album_8,Pop,10,1
track_189,0.5655208630376035,0.14603996911317732,0.6189627545421403,179.81588817697784,0.3518301665513809,0.12734574690522793,0.5372737539160986,0.0010104687759773742,artist_39,album_9,Pop,2,2
track_190,0.6054145323009311,0.8706749553098216,0.18809080710916345,106.33618848461373,0.13579472997348072,0.15727264579149192,0.14284019584772956,0.12658581097230237,artist_40,album_10,Pop,4,2
track_191,0.23350774519989587,0.25722972725054427,0.639995312740391,118.49492197098353,0.17248266309908208,0.1224535508027596,0.4027064920607508,0.13300125950498665,artist_41,album_11,Pop,6,1
track_192,0.9583629317434741,0.8882610681359605,0.2507898660460333,82.49779446087226,0.0284706593958826,0.06854689634755319,0.42932288726941514,0.26128454596706746,artist_42,album_12,Pop,2,2
track_193,0.33573123914213043,0.20440168376150453,0.3831262727506872,138.3672004472074,0.2562492736898974,0.13326035493003177,0.002439954345455308,0.20870938314019796,artist_43,album_13,Rock,4,0
track_194,0.44953479147874054,0.5001663860687661,0.5351927295944332,131.94284338059842,0.5855787699323112,0.48711585107563926,0.05075073251647752,0.2537752872128218,artist_44,album_14,Hip-Hop,6,2
track_195,0.8244085111606082,0.5755803130170214,0.1967599820643906,164.65184033074286,0.26236623710058654,0.13636158126243797,0.3117709948001663,0.046132138200569675,artist_45,album_15,Rock,8,1
track_196,0.31141040423092176,0.5616671182648285,0.8501472487561583,153.34866454526127,0.029503943171556104,0.022136077813655074,0.2152486846479435,0.28297940112382763,artist_46,album_16,Indie,5,1
track_197,0.5282649010012376,0.7031615523967879,0.18558077623352123,130.54220006526847,0.1968314104455918,0.11800157915337134,0.041514746050922036,0.13552381467725685,artist_47,album_17,Indie,7,0
track_198,0.2536825158074584,0.48882250876603395,0.6772979137385632,105.897855012339,0.12764215650888908,0.6037220996129518,0.17361398264925135,0.18404330957647655,artist_48,album_18,Pop,5,3
track_199,0.6631491741744263,0.41518297079752403,0.6598661582665494,126.14005313670182,0.21640895008541813,0.056371572053872006,0.050887945381107,0.011432109614364666,artist_49,album_19,Pop,4,1
track_200,0.8042322670898883,0.6367387758879999,0.4350556530870089,116.66959613604716,0.020055784555258225,0.32272267535736243,0.0062789242313704054,0.009185805753248198,artist_0,album_0,Electronic,6,2
track_201,0.23975445474699555,0.6283623352616753,0.5206060000276683,148.60192599713938,0.2888641098680539,0.047150101315208595,0.13277217148806886,0.2800929243392359,artist_1,album_1,Pop,5,1
track_202,0.12150962053599126,0.4681068166281432,0.5691708252946497,144.78694469887404,0.7237340212640752,0.1323421077915275,0.43867551992079024,0.038383742871107074,artist_2,album_2,Pop,5,5
track_203,0.032187173892523235,0.7624636714896021,0.7763644443675032,111.10753669035734,0.26694936037859135,0.08255652066653928,0.17234488733015466,0.1827199905208192,artist_3,album_3,Pop,5,1
track_204,0.32100486143005835,0.4739436414396724,0.8602820710463068,76.14018660519366,0.2290666311735485,0.06804678179415331,0.3550994644126204,0.2849923141043595,artist_4,album_4,Hip-Hop,6,4
track_205,0.49324533183431485,0.5089246024187496,0.24203802219467183,160.00161900661274,0.21944931778298238,0.093077545576978,0.011697618602617208,0.13927934405748285,artist_5,album_5,Hip-Hop,5,1
track_206,0.8783893489921974,0.6391672556179304,0.964628038477064,137.45621870469614,0.31617181229869484,0.025893820292674355,0.44545043291275693,0.008497283217310409,artist_6,album_6,Jazz,9,0
track_207,0.5684486458180996,0.7579581184257499,0.7597153238386332,110.41529788281993,0.1007371273456434,0.39811418245368857,0.2607614518513208,0.11425235051616835,artist_7,album_7,Electronic,4,3
track_208,0.5554627071182653,0.3002904543983382,0.6559481295173468,136.28620044311012,0.1439090078278044,0.09236048325139934,0.0788225171514372,0.042643397396344374,artist_8,album_8,Rock,6,3
track_209,0.7352673421006285,0.3562507233667877,0.3913375845477976,122.24583918750088,0.007388637674153527,0.25651212431679804,0.11342154472690281,0.2930131096207903,artist_9,album_9,Rock,5,2
track_210,0.58941235778925,0.7098806450866396,0.5451144133241671,159.55853778658422,0.04308134957098476,0.15727822074369022,0.12365632586294004,0.013446567725314057,artist_10,album_10,Pop,4,3
track_211,0.3807588094711804,0.7136507293826193,0.5866475864818733,62.106593045849195,0.09896450745157614,0.1581200336845234,0.41773375839661925,0.024433815947834548,artist_11,album_11,Pop,6,2
track_212,0.3248231078366541,0.7014756309582378,0.16842938991471088,108.08427100459703,0.47911283102830166,0.09818879968369316,0.5286961433126809,0.10430664349689422,artist_12,album_12,Pop,6,2
track_213,0.7308323035637833,0.2819824642727141,0.5739716900066821,167.97163546436065,0.09811261974132358,0.03369417698622592,0.375390680639213,0.2610056495735732,artist_13,album_13,Pop,6,1
track_214,0.6981166918027266,0.5135284827174666,0.6966855490474022,136.89595210401936,0.48524872427771387,0.17466822717490027,0.021253738245613427,0.19417080033197345,artist_14,album_14,Pop,3,2
track_215,0.16898731119980093,0.1694401789642385,0.5500989374378407,173.17820004942624,0.35714147723321665,0.0021589788907720397,0.5360705975238326,0.1520317669285775,artist_15,album_15,Pop,5,3
track_216,0.5547326761648753,0.2270324661623853,0.8277121959279715,83.34578720509607,0.014595975110684197,0.04567011976197994,0.2148837106932757,0.34963338149246764,artist_16,album_16,Rock,5,1
track_217,0.35990595925325863,0.7621565665532231,0.6180541610748901,152.1659014781546,0.2240667571812928,0.19066926697109016,0.09124625093299363,0.48396185909040074,artist_17,album_17,Jazz,8,2
track_218,0.799091531585191,0.8882531265172581,0.03249510116852849,150.36673270361499,0.6349984889168215,0.027075951290786597,0.3387225803692187,0.12200272303198999,artist_18,album_18,Hip-Hop,3,2
track_219,0.2392466605421522,0.6301052254761248,0.5976587442651641,69.54814394013498,0.14577426024833331,0.07608967245885252,0.08375387577427519,0.34061408569301355,artist_19,album_19,Jazz,4,2
track_220,0.7259689569295272,0.49593550633333305,0.7521756367830106,111.13493131400749,0.6925442400218601,0.08098083253963106,0.02129222632855642,0.0486956198339845,artist_20,album_0,Rock,5,2
track_221,0.8814711238678273,0.3659481775447816,0.1080215017019396,116.8041268441775,0.05170194616427485,0.3544812926972647,0.2055179646906807,0.0962290261736801,artist_21,album_1,Rock,6,1
track_222,0.37656793741240696,0.10983618412734075,0.6839238064219414,71.41331913697783,0.053975117489271925,0.2968864792161519,0.2867616334921157,0.3772009813149397,artist_22,album_2,Rock,8,2
track_223,0.46051823165703154,0.8954203354488582,0.49117898523897047,111.76193020438683,0.019355033494682004,0.08529140873475527,0.1610645992761153,0.3319429325377458,artist_23,album_3,Pop,6,0
track_224,0.5619034940124811,0.7256475111631394,0.9285927213031547,146.19549422335817,0.17193621300112963,0.19644105563876552,0.18640089416336336,0.04875005841450469,artist_24,album_4,Pop,4,3
track_225,0.5396354723352358,0.3161666867915221,0.2674382070467113,108.27230821425779,0.03776119295541324,0.014720483258814197,0.25974535622658185,0.4209976051407837,artist_25,album_5,Jazz,3,3
track_226,0.1540127446174224,0.5956127099367104,0.5499420062955349,127.2639946702208,0.4473471429299987,0.005512524576066425,0.07315501678874083,0.28186111550388543,artist_26,album_6,Jazz,6,1
track_227,0.3735403634267262,0.18623879148025677,0.3479419341574723,127.48110848182957,0.2043354456174844,0.08398071121625252,0.3694099763998876,0.09404954868869231,artist_27,album_7,Pop,8,3
track_228,0.7464548412010862,0.5356320783217974,0.8521010534468769,119.63569766583701,0.5943461414777351,0.1605293884713003,0.25355152098855926,0.3888377565686903,artist_28,album_8,Pop,6,6
track_229,0.47317655943499853,0.7095226863030208,0.4183531268815649,98.84453927923714,0.07476049142739997,3.888317363750651e-05,0.14815819975709366,0.033411362132071826,artist_29,album_9,Rock,6,4
track_230,0.8362306086946255,0.5010070033579188,0.839938338369834,139.76441924651692,0.005708801726867851,0.18503547806441087,0.16028619478602096,0.11030707642757452,artist_30,album_10,Pop,8,1
track_231,0.6907887837808583,0.5684894602583013,0.15986069358160554,72.38898715422026,0.16076078801958582,0.4050400222454995,0.5647271602084157,0.10793548418619407,artist_31,album_11,Rock,8,1
track_232,0.39645013317129596,0.3202124827203906,0.5166959882062171,120.25764415524547,0.22852747122625594,0.12653628103114292,0.17110638660713678,0.22573336834567542,artist_32,album_12,Pop,11,0
track_233,0.3393889812169841,0.8406330958852313,0.5661828590988143,161.56459021554267,0.509679844053948,0.18436122978035807,0.07702036164790502,0.5177479881691867,artist_33,album_13,Rock,5,0
track_234,0.2040574079620294,0.73776828012946,0.6801010551171683,106.57880250476354,0.05393338092629262,0.011077097796324178,0.29608496375685756,0.27135500021249875,artist_34,album_14,Pop,5,2
track_235,0.21039733866516938,0.4374709464853801,0.8377595005700061,98.18036335493169,0.10525965872639771,0.6913853339384708,0.15436680877163866,0.35028073980779817,artist_35,album_15,Rock,1,1
track_236,0.47055792502605054,0.36555213883049575,0.559710915051889,141.76548416326133,0.3498011132458164,0.2205206532091025,0.05504143104893238,0.19073050779005757,artist_36,album_16,Pop,4,2
track_237,0.44090384903246294,0.825098080631732,0.12996801825264956,124.90295281761396,0.10119087458714686,0.32894944457010955,0.29634159455227665,0.2510801364228733,artist_37,album_17,Rock,4,5
track_238,0.44938998342445163,0.6148822992894324,0.3150866350528642,142.36341846170797,0.14406282073772297,0.09338925684397464,0.05581655401425115,0.1293417754969684,artist_38,album_18,Jazz,3,5
track_239,0.7005433498564726,0.492585668661295,0.18976460512290483,121.15495457085817,0.34217336033120915,0.051611158187878606,0.15122461770415224,0.15563901066072258,artist_39,album_19,Rock,10,2
track_240,0.5389823560550437,0.1920642425388597,0.8989387913963964,48.35122647746462,0.1912933311048797,0.0547870919959163,0.007013543323735784,0.165510280126361,artist_40,album_0,Electronic,9,3
track_241,0.7107112274823391,0.364888682189204,0.6071741655077129,155.39740231277096,0.18921451238253262,0.05961598453446601,0.16431618883975047,0.5327614948696372,artist_41,album_1,Electronic,9,2
track_242,0.5242450791080219,0.7900092425284745,0.38913678495359943,182.10079147434826,0.1639640852355767,0.03857427096871823,0.08951436568956055,0.3017780616759311,artist_42,album_2,Jazz,5,2
track_243,0.4665134485052035,0.08474891867049231,0.572771477916712,158.52123020508859,0.19302525032079226,0.05697345804996952,0.45117776202082477,0.04225942312114298,artist_43,album_3,Indie,11,0
track_244,0.4958048760758314,0.11533129095086213,0.6283006998027771,13.834268247907215,0.10202780055088864,0.21874334044365712,0.22150966922923374,0.30081706348495757,artist_44,album_4,Hip-Hop,4,2
track_245,0.36484770044934745,0.3793031292027326,0.5828557498921758,133.532646375167,0.3359169383904747,0.03194446823780472,0.21426136009214658,0.03881665786246462,artist_45,album_5,Electronic,3,1
track_246,0.8401848302973888,0.42554843886552884,0.6604392473989781,105.99762568274862,0.10503409650403037,0.40071585819565353,0.06261821713888885,0.3875597252045879,artist_46,album_6,Pop,3,4
track_247,0.3705009870594556,0.7947724420046793,0.7406905055776567,87.47268739164873,0.15005696722666853,0.025773691610077424,0.12974879454000351,0.19915709600160245,artist_47,album_7,Rock,3,0
track_248,0.5959890899976634,0.390943833951106,0.242645893432438,123.68196484914819,0.024998498457026452,0.29835075542697204,0.4462400345336223,0.048587252684519605,artist_48,album_8,Jazz,7,4
track_249,0.33923695656938346,0.6216715553192167,0.5053375146140042,115.53158115300837,0.30737694738901133,0.11580071097347391,0.3151283316465445,0.0006828176739984836,artist_49,album_9,Indie,3,6
track_250,0.8281508335328469,0.6455237230522718,0.6032324179689053,135.25973412839522,0.36160132467854045,0.5553391127054649,0.04073942381810212,0.3413948789804364,artist_0,album_10,Jazz,10,3
track_251,0.20779684640304963,0.6358474473502761,0.7570484943323991,121.69740567916362,0.07203525150943456,0.24386713347175,0.08386983241516889,0.06129253651988559,artist_1,album_11,Indie,9,2
track_252,0.28317167888987754,0.7314574469693604,0.7437915156763385,86.3756367933307,0.16363055750518976,0.3763870907058643,0.06578942612300716,0.31984785843989383,artist_2,album_12,Electronic,5,2
track_253,0.6778375360386982,0.6577101043918285,0.32825692592411765,102.70194669771087,0.20044902290019168,0.045915810473679,0.3266016034163818,0.1576699397914913,artist_3,album_13,Indie,5,1
track_254,0.5445793186295786,0.1656162496774752,0.19734870098804905,97.86124331024952,0.050341041213062696,0.30650268585816576,0.09891550524014751,0.15868618981779414,artist_4,album_14,Indie,4,2
track_255,0.36672353745114983,0.45800133923369307,0.4631474032469488,68.50550469766661,0.08930440121075768,0.5573007603944038,0.25483438762247473,0.11595981792714141,artist_5,album_15,Hip-Hop,10,2
track_256,0.644948881258528,0.83825510209097,0.6193538883875132,78.8506606813835,0.21684945839578226,0.09876448785935514,0.2100873234034731,0.0542913579734701,artist_6,album_16,Jazz,11,2
track_257,0.45977657572951425,0.7732894835102021,0.8131484108524042,113.66793990344416,0.26934764935512867,0.11072276470972943,0.0703579959393998,0.14059829834608079,artist_7,album_17,Electronic,6,2
track_258,0.38561707704283577,0.4410611862371854,0.23710104049170255,162.7126222592184,0.027413741050934887,0.18612282885669607,0.005933387257787739,0.06614857641200725,artist_8,album_18,Electronic,6,3
track_259,0.39491755233163606,0.7649782433674793,0.1118307344506524,103.93328760903616,0.42683406977816923,0.20791959680415634,0.012170543457224294,0.16814211363966042,artist_9,album_19,Hip-Hop,10,2
track_260,0.7584243502968774,0.3715382071374626,0.2544546999109026,97.27707675741631,0.3534883389151615,0.06318928426455808,0.31494818269784847,0.0815518989356159,artist_10,album_0,Rock,3,1
track_261,0.6428209182809254,0.6021406530858506,0.10903429036346744,84.56139579981522,0.05656067823530195,0.003448094259541104,0.10602439431937435,0.5464704897622359,artist_11,album_1,Pop,6,2
track_262,0.6244749970777423,0.4084527345614558,0.6254209541002089,120.91609484986053,0.2944963431619602,0.0076628914387642955,0.28132611767282834,0.48200692139601,artist_12,album_2,Jazz,6,2
track_263,0.5113546597071191,0.7754496586044631,0.5996258752457424,155.3777800383038,0.5200872009536222,0.002472968907910153,0.14432874462953726,0.31991251866856835,artist_13,album_3,Hip-Hop,9,3
track_264,0.46739113392090703,0.524695196563613,0.7130081778478727,180.08048299225774,0.27947069403546154,0.27966322827991474,0.28424521868515085,0.07471260259899412,artist_14,album_4,Pop,7,2
track_265,0.32308742373747784,0.5779001388442645,0.2577164939375234,128.5619813016506,0.3550468397113058,0.3133361305175265,0.013658968509911391,0.007268561920750118,artist_15,album_5,Pop,7,3
track_266,0.7946606723717613,0.1849905183928587,0.7384513797674078,124.19981227909304,0.026297514092802756,0.04109065315368826,0.0677791610714431,0.23662330014906274,artist_16,album_6,Electronic,8,1
track_267,0.19432077903666412,0.7595431795265507,0.2778550266153791,103.6958067823937,0.43216862535741835,0.019162095108982483,0.01762234990772131,0.054749143124231334,artist_17,album_7,Electronic,6,3
track_268,0.1402183217169245,0.40458613241700137,0.6460135524451954,108.70300135526966,0.5685403797289227,0.3111705959411333,0.21903088865333686,0.13044006529056792,artist_18,album_8,Electronic,6,3
track_269,0.6326019567555802,0.43213319636324216,0.9459974594404231,138.8752527315211,0.15328347744756707,0.00021939510673648827,0.1007615210533226,0.1641136213313873,artist_19,album_9,Hip-Hop,8,4
track_270,0.4019170321735791,0.617410544781094,0.2523183961248256,110.55374003810762,0.027142100926013425,0.05998230820481156,0.0432259802199334,0.1643825474110599,artist_20,album_10,Rock,5,3
track_271,0.807198655578914,0.8008447659159279,0.305247971353613,115.13152658497758,0.12359397441292563,0.0693614226179504,0.06371292691088525,0.27220820874195506,artist_21,album_11,Rock,5,2
track_272,0.6673297066588612,0.4969615977696454,0.3120426593670863,119.23958175748727,0.7262354888906969,0.08540572151382018,0.2296966324975552,0.4474367145682229,artist_22,album_12,Pop,7,1
track_273,0.4685006227618916,0.4017083495989043,0.3459439213203081,102.27515667277572,0.040115256962811076,0.017260456554021305,0.04220294846584642,0.25436061811530924,artist_23,album_13,Electronic,7,5
track_274,0.6762615790908381,0.45615433625508806,0.2895870027675251,117.75062222767346,0.654616993205431,0.15702065450401445,0.32898091411255764,0.033385928016200425,artist_24,album_14,Pop,5,0
track_275,0.7465211343836315,0.635844547856597,0.38493073051839427,59.41781613627595,0.12043904421771938,0.16405442412069773,0.21546576083617022,0.3303714702733413,artist_25,album_15,Hip-Hop,4,0
track_276,0.7403798791097563,0.709910902773146,0.4410031658300488,136.46507649055388,0.17049752148561936,0.26007210064846303,0.08633684903287325,0.06917127131243257,artist_26,album_16,Hip-Hop,4,3
track_277,0.4469499877441838,0.6720191491269566,0.6676358129984877,190.55315516916164,0.14495458396259903,0.08101022675247431,0.07986761393964778,0.05436062695002101,artist_27,album_17,Hip-Hop,11,4
track_278,0.16314473411980232,0.37355950695676926,0.752567351750663,103.438691545108,0.1463684746267247,0.6292469570594648,0.034350809861914154,0.4377575335355056,artist_28,album_18,Jazz,7,2
track_279,0.029214886539795547,0.7612722608778396,0.7104548871488048,131.2151143500501,0.38624544077650014,0.15097303362013667,0.11855052779306093,0.09053303837570104,artist_29,album_19,Pop,7,5
track_280,0.7639424811726677,0.660042456914342,0.5321154851804462,145.54728960738555,0.05394390011794525,0.07893010036970283,0.07363814403130461,0.004020517203863779,artist_30,album_0,Indie,5,1
track_281,0.49140215547601795,0.6096644798565186,0.11636756017656999,158.40645818152385,0.3494475354124973,0.14511537572492084,0.2187623658236208,0.04162235691263762,artist_31,album_1,Pop,2,0
track_282,0.29113331633176237,0.6433303766253639,0.9052065151803115,112.07035533779462,0.06213721047818372,0.02660006183336351,0.3909167736773465,0.2322840102046302,artist_32,album_2,Pop,6,3
track_283,0.5544332209117573,0.6259071455917095,0.5429322838509264,65.90048238933842,0.35171685769972455,0.32803903373614496,0.3648382919330501,0.0319488452201509,artist_33,album_3,Rock,8,2
track_284,0.5785055067536863,0.6531782121340559,0.4873052589747189,128.01695852546288,0.141691850158325,0.14429237524022565,0.3791273385886824,0.01600837367706293,artist_34,album_4,Pop,5,2
track_285,0.5628218809181152,0.6070482347646962,0.7581057135611879,123.85886071963282,0.3073085190511263,0.03663142072831276,0.16658709346190245,0.3749696805161843,artist_35,album_5,Indie,4,1
track_286,0.3747949740642493,0.21161382624231756,0.44453579531688464,109.63000875971991,0.11640842744337639,0.07097003296763982,0.3048566068155523,0.35846612213176837,artist_36,album_6,Hip-Hop,6,2
track_287,0.6448426057236168,0.1946998598199105,0.5384560078685088,115.99463631346978,0.28382216186165043,0.04931888225168732,0.39366727987145994,0.41758770713279897,artist_37,album_7,Pop,8,2
track_288,0.23647206367362564,0.6965496120343068,0.6470363110333802,124.31041335053193,0.645176427577429,0.09000547087606132,0.06788941175609055,0.1493481115370917,artist_38,album_8,Pop,10,5
track_289,0.39585764197301315,0.16055177179667252,0.7866440496929921,130.8528597631155,0.059473755280421634,0.008005163753719003,0.39171614389124626,0.02011663010532352,artist_39,album_9,Hip-Hop,3,3
track_290,0.27653186918162,0.38055565399787433,0.4354063246382269,129.59429130719752,0.14815357900666476,0.01839260917668819,0.22916688782941505,0.06934413084021603,artist_40,album_10,Electronic,7,0
track_291,0.6686279183134872,0.6359635352003498,0.5741235627304199,113.46943021496614,0.08385946888846711,0.15525265118185652,0.21105559507627034,0.31416903837845034,artist_41,album_11,Rock,3,4
track_292,0.31426159510308443,0.6859370527170113,0.8268463334857131,131.52836504957853,0.47138026364533514,0.06775730388331114,0.08612903923302952,0.18027828527277873,artist_42,album_12,Hip-Hop,4,1
track_293,0.16974070965575214,0.5642615754133203,0.5384157591450814,111.44907455175414,0.5862838170120259,0.13985910814519775,0.5974674601433394,0.24095897130632304,artist_43,album_13,Indie,6,5
track_294,0.5722316637432127,0.5130672925918838,0.4384660794792918,139.2607650460596,0.1155726784127086,0.19883038999786284,0.02120208343489211,0.21224937552750142,artist_44,album_14,Hip-Hop,4,1
track_295,0.5739193926130575,0.3460408077119714,0.5686285352902954,101.17671493570498,0.09522512842803958,0.07419579716765762,0.08163228520619413,0.043285212698447206,artist_45,album_15,Pop,5,5
track_296,0.21569291773160557,0.9588698733155286,0.3819918927016792,122.19174576448687,0.3511396086128629,0.0012936160597608838,0.18167529258165052,0.02656498382471726,artist_46,album_16,Hip-Hop,6,1
track_297,0.7014254366405032,0.5840788623329701,0.6254072744752955,71.28784253648311,0.08596848384131672,0.10194276194692595,0.23795798698107545,0.20921271474986414,artist_47,album_17,Hip-Hop,5,1
track_298,0.4952012031054115,0.8828658578002092,0.6267321330541518,108.90268591628558,0.47964303077365467,0.0556657014658479,0.08310747138337161,0.261120774403958,artist_48,album_18,Indie,6,3
track_299,0.3782557553751019,0.12294053904206696,0.66630937095176,137.02466163389937,0.05368428438577756,0.059527474867329365,0.5075304505809125,0.37676667689548843,artist_49,album_19,Hip-Hop,3,1
track_300,0.07332204478697349,0.20469733024781736,0.28095870853556165,88.98795399875794,0.1849526102578139,0.10862358579430562,0.1715610864660795,0.38469636055599943,artist_0,album_0,Jazz,5,1
track_301,0.6351100679699477,0.4347593048395902,0.522934610764453,110.39698570949749,0.21355605637089345,0.10869912250089253,0.03003084896518936,0.12460701828677884,artist_1,album_1,Pop,6,2
track_302,0.5536111049730273,0.7300773231261837,0.6549178659419777,47.847913502693714,0.358544441935483,0.009549817715546716,0.04282876789469547,0.24271933649300403,artist_2,album_2,Jazz,7,3
track_303,0.5617944083565326,0.5775148732190558,0.6053928844694323,78.95777674404032,0.14893815003107877,0.1421909700646792,0.01137370722285256,0.459286311833393,artist_3,album_3,Hip-Hop,11,1
track_304,0.6745630565501239,0.32686403440191286,0.5658887152983608,86.80576331658294,0.11023616791640634,0.3563065355324797,0.5447855945663513,0.5366490315429745,artist_4,album_4,Hip-Hop,6,4
track_305,0.11845545405234485,0.6668467655216636,0.6372158084982734,123.05253152314916,0.3141434706354582,0.21245468868531076,0.2461543372543757,0.27580243895062895,artist_5,album_5,Pop,7,0
track_306,0.40491300159082055,0.32919557601334715,0.2570724820305853,130.00227037178138,0.30658141196154026,0.10518384395928672,0.2303882376111409,0.11214842128076194,artist_6,album_6,Rock,8,2
track_307,0.7800633301490388,0.3358671834135727,0.39039027962927625,118.31833302179409,0.248846566427818,0.34625218858883916,0.1500456993857199,0.20637541889524635,artist_7,album_7,Indie,5,1
track_308,0.23314944796082215,0.31198374929009903,0.3292745877471373,108.52219851337865,0.5968913000515731,0.17861906642014816,0.44749831439103926,0.013562383204495425,artist_8,album_8,Indie,8,2
track_309,0.5001288801817053,0.47387430463028274,0.5039493219782151,108.62694754953758,0.07189321915884139,0.28910222054613033,0.09412046759473976,0.19449861381466474,artist_9,album_9,Pop,7,2
track_310,0.1753671915777922,0.4370166534538474,0.7805984126973565,141.48137247121483,0.14392044312109895,0.12441807668225764,0.10857099185712935,0.03033885347850835,artist_10,album_10,Hip-Hop,3,2
track_311,0.6290497578994242,0.7276606055159256,0.30230519458253485,126.38459540649158,0.19151655444866325,0.06030252346823505,0.12936779641760526,0.27340358808018195,artist_11,album_11,Pop,4,3
track_312,0.49324803181335564,0.19093624532622983,0.5360483771266793,109.98163211083913,0.3882082534226972,0.11630845854935187,0.212113068676427,0.17767719278419142,artist_12,album_12,Jazz,5,3
track_313,0.6417441540763146,0.4121630844894641,0.339402683906699,158.79898485723777,0.6188170275072419,0.038836532411142384,0.003134702715749859,0.34420006776357337,artist_13,album_13,Electronic,5,3
track_314,0.5938802935896661,0.4193784046344075,0.2538278928606393,178.49925122988301,0.2633425276846255,0.19433575985672935,0.4485505182362668,0.12254433065523464,artist_14,album_14,Pop,6,2
track_315,0.8028086724147343,0.744969750499159,0.5488959566318937,82.6277264929899,0.27632124614478143,0.1864696802634786,0.05490593190854987,0.5403290692996703,artist_15,album_15,Electronic,8,4
track_316,0.844605348381661,0.6480399584370606,0.2539723687769938,135.67530210631534,0.39565603095732554,0.0435130247255415,0.32358904314826326,0.11379406265779786,artist_16,album_16,Jazz,4,3
track_317,0.1503817628164413,0.7850618387338136,0.5364097980226349,212.69668823059155,0.17902670155379505,0.1530345087656448,0.09198924447878226,0.2387842603476169,artist_17,album_17,Rock,4,6
track_318,0.5613565269070655,0.3212643487593931,0.610053453746075,128.40616623150584,0.08473622859032057,0.0276261081746479,0.2693646388776452,0.07618556722925326,artist_18,album_18,Indie,7,3
track_319,0.8165701534184686,0.8008997832357483,0.3036470140693089,123.4632790849283,0.16443489265614955,0.008324138577075306,0.29104441155439614,0.025403336858097435,artist_19,album_19,Rock,4,1
track_320,0.4878234006462775,0.5855765345892076,0.4977491302845804,118.32798180319159,0.4249284530672833,0.539893042807984,0.2931673664527369,0.06292751961234776,artist_20,album_0,Hip-Hop,10,2
track_321,0.891729804947734,0.361570700017049,0.8651234303282612,134.70544552472225,0.23186113591891847,0.37419117173467414,0.5640796875373614,0.04265171553313866,artist_21,album_1,Rock,8,7
track_322,0.42689709409350124,0.22846505578729256,0.10039414109048965,142.64697499649648,0.143478009137172,0.14661199180860116,0.06050716308944663,0.11534729730277644,artist_22,album_2,Rock,6,2
track_323,0.6709950715619886,0.8269567874682507,0.4284541429531378,82.65699377492452,0.1820963791517389,0.4113705747355983,0.2631552169564983,0.28709433273310964,artist_23,album_3,Rock,7,1
track_324,0.875131703706061,0.3345642470688098,0.9208702595119446,119.20549115133514,0.3451096673837903,0.2554944166990382,0.21829391830276237,0.29043027317950515,artist_24,album_4,Pop,7,5
track_325,0.2401809285593869,0.4223524235004142,0.6020141079003342,51.915064065077715,0.2237034151557491,0.03713681995179991,0.028346821105445414,0.022015660200900223,artist_25,album_5,Electronic,4,3
track_326,0.46277106473560414,0.40884306563241835,0.7994123863868673,113.720501501355,0.08516789186579028,0.09570464521157822,0.2878944353327786,0.2045574182057368,artist_26,album_6,Rock,9,5
track_327,0.8550426024774356,0.5774438679561503,0.783312761144731,92.91934218533781,0.39967376809842325,0.29483639479508517,0.2221117861025462,0.09409598454239027,artist_27,album_7,Rock,11,2
track_328,0.671069113740123,0.28500955983894416,0.7630886557696359,130.17532737406452,0.19196675590735104,0.17273918053531206,0.5488131627536327,0.22622139052904622,artist_28,album_8,Electronic,7,0
track_329,0.5903125040701521,0.7824059410796327,0.6052564302901379,70.30858418576923,0.6010786049926503,0.17660009942243166,0.01866827504190774,0.0643530279633949,artist_29,album_9,Rock,8,0
track_330,0.7192191056444507,0.4529237698821357,0.6626811704908641,104.63048068622716,0.0055987687779915155,0.19840275515512354,0.12914227782028462,0.05629989136768578,artist_30,album_10,Hip-Hop,3,1
track_331,0.5808211822877384,0.8713098521431718,0.3256094330318589,148.99632751561836,0.019697098061875244,0.05504378904621317,0.3774029696240883,0.13944230161407328,artist_31,album_11,Jazz,6,2
track_332,0.6245638238062725,0.39774797501111725,0.44270305177869373,99.71000545667249,0.13749073439641585,0.3990233058483416,0.24698660833673136,0.22271226703552796,artist_32,album_12,Electronic,9,3
track_333,0.5809240341893123,0.6977107654072465,0.83074749216834,62.851926677463425,0.21920955045648782,0.16910712112332338,0.34918861513480404,0.15032138095124045,artist_33,album_13,Pop,7,2
track_334,0.39560073681983415,0.1889852493306736,0.8461008110884276,127.72599459386953,0.04245507466613247,0.28341711623371546,0.322515123578203,0.0362166395541266,artist_34,album_14,Rock,3,2
track_335,0.5304764340156751,0.7978919910888431,0.4946588038166652,102.40413020722092,0.4892999490193745,0.23803455370914425,0.023031764136993513,0.33454836899432744,artist_35,album_15,Jazz,4,3
track_336,0.9001094524762132,0.900855661226696,0.5664418968939883,114.4234369178131,0.15550244409931333,0.27408685289908175,0.08856727400713663,0.5845298332846035,artist_36,album_16,Rock,11,1
track_337,0.33213580817917415,0.008561401718465702,0.31898764219215864,98.10391240612223,0.08841554351814979,0.09553970248900706,0.2840299528252306,0.2733320477196478,artist_37,album_17,Rock,4,7
track_338,0.7936955649899637,0.4837654078967339,0.6458235127978225,179.23190233440087,0.6003813013660962,0.08126593596834089,0.026126932624130336,0.3916588989018524,artist_38,album_18,Pop,5,2
track_339,0.5385557664878824,0.45382457181055086,0.11522725838500802,73.2578179243946,0.6440944885865773,0.3590802730240728,0.44916602239423903,0.09584322196351872,artist_39,album_19,Pop,10,6
track_340,0.6925303581871591,0.07399517626464262,0.3057073882339377,205.00486835682818,0.1873186468001359,0.20623705646448343,0.04252737981392979,0.3430762794798452,artist_40,album_0,Indie,3,1
track_341,0.7298301454759805,0.4299031674008502,0.5676605392097979,108.28090407745943,0.18930306276632516,0.06680067332652186,0.07068035411706299,0.28190942036667554,artist_41,album_1,Indie,6,0
track_342,0.6454142499552971,0.33339045662197353,0.4877603303776057,125.50339728654406,0.2809611935606553,0.37636135913350655,0.4818324050278964,0.5897254297506852,artist_42,album_2,Jazz,2,1
track_343,0.4124799269087299,0.34040599405013955,0.5809070843277133,102.75610747186549,0.2163485449260555,0.24837703312724618,0.11855961279176536,0.017800622350728684,artist_43,album_3,Indie,6,6
track_344,0.8273054152885522,0.7422852504519634,0.4573382956382508,101.50099320433638,0.0032593067136869797,0.14712147109663,0.47116202060493645,0.13544753172349308,artist_44,album_4,Pop,10,2
track_345,0.7042450933327872,0.33078565197209914,0.10078670681960493,96.45510289702102,0.3303158426013954,0.16417855347631613,0.19289940527292557,0.02999843727507495,artist_45,album_5,Pop,3,2
track_346,0.5672864218220006,0.8653593103620248,0.8045931163216226,138.03773886130907,0.09867754694349355,0.010853537614948587,0.20080649189253916,0.21482811292862247,artist_46,album_6,Jazz,6,1
track_347,0.5866595561228377,0.3118255399067114,0.41807635397103926,77.67600919118831,0.04841392872481158,0.05589129357032569,0.12538417217105885,0.16444090079698148,artist_47,album_7,Rock,7,1
track_348,0.3516781287426977,0.5908938137470828,0.49598936461664384,130.92325632728006,0.04658160733488499,0.31060955807652724,0.39816556393384545,0.6354209714841403,artist_48,album_8,Rock,8,1
track_349,0.6564571582982066,0.15093542708670377,0.8397740574022773,54.46521794844573,0.001344165674607558,0.46640781835663614,0.033464079314304146,0.027684627988248837,artist_49,album_9,Jazz,4,1
track_350,0.8236313751302886,0.419691184964604,0.7338042281672853,128.20586313425292,0.19624472410142896,0.38560143354673154,0.19804548556440427,0.4618277429239889,artist_0,album_10,Hip-Hop,8,2
track_351,0.2813537120000904,0.28863120673897513,0.8530052336646725,145.47427817796574,0.0732338963182883,0.13345595876094907,0.11771920666865476,0.07351366705712677,artist_1,album_11,Pop,8,2
track_352,0.30136800237854205,0.5366581206012198,0.4575103573358082,81.76442678077892,0.10262323983345298,0.19093425896590852,0.20191240797974713,0.10080495940327573,artist_2,album_12,Electronic,7,2
track_353,0.6521081277833057,0.6689030226461321,0.38062090981448826,140.36227805156233,0.224789456739609,0.5730440893143846,0.2078552863183765,0.11019105170245291,artist_3,album_13,Jazz,5,0
track_354,0.3099562667343838,0.4064833997935771,0.7956633809041614,121.54156231872965,0.17464381077119268,0.057111419363114646,0.26323064568957905,0.11936053233146106,artist_4,album_14,Pop,11,1
track_355,0.4760618628847874,0.0987339233764249,0.5268662690392247,167.95279366073518,0.18346054808697426,0.23992739281835007,0.22919017166936606,0.44905601115097393,artist_5,album_15,Electronic,7,4
track_356,0.48248324652163266,0.4054825359591554,0.34756033308921763,94.3438085306673,0.5789109404924719,0.2866407439804511,0.02327945708784237,0.20889231644359962,artist_6,album_16,Rock,9,5
track_357,0.32505384130672477,0.5728741369865002,0.8886682353679262,204.4795771116819,0.06282658294701192,0.03497026845217726,0.24035560249280044,0.6702217040020907,artist_7,album_17,Hip-Hop,4,2
track_358,0.7477526489083836,0.2308787537104812,0.32336804140441855,48.27653537024287,0.4593033276628065,0.14154612612113265,0.0651207882595182,0.05153189544872401,artist_8,album_18,Jazz,7,4
track_359,0.6703204451226927,0.5822933116494846,0.44817028788010904,110.11488598091623,0.3799478969632582,0.04586024028352589,0.06974863686805108,0.03641291216457697,artist_9,album_19,Jazz,10,0
track_360,0.5974200392776249,0.16350081884393594,0.4749291440889221,69.042908681312,0.193878611862495,0.025017382494894748,0.10098307202696433,0.26774902082436963,artist_10,album_0,Pop,4,3
track_361,0.46044981077400304,0.30108150065842726,0.6899984273431097,175.53162530549298,0.23811798889842634,0.11217850354282549,0.0716634952903922,0.09503895188707963,artist_11,album_1,Pop,8,6
track_362,0.641765315696573,0.5245766321318893,0.297136091965477,112.1489701855249,0.7927306636637569,0.052881850327114434,0.024324741306722762,0.22633059929115645,artist_12,album_2,Pop,5,0
track_363,0.09131310412739142,0.4136894659953778,0.10683372668787913,114.84944767892152,0.08746712721501315,0.02882424507548375,0.10371398515483338,0.6670608034791063,artist_13,album_3,Hip-Hop,4,6
track_364,0.23076463989145266,0.6568344950216717,0.5966304041860166,133.29714294255638,0.5387600254443748,0.15449369706133617,0.3512805888168915,0.40197749143799955,artist_14,album_4,Pop,10,2
track_365,0.5350222831044322,0.05134079585533765,0.5371890037835607,119.85584441018138,0.06726962268604586,0.33828992372749106,0.23381666985532076,0.2110996529543053,artist_15,album_5,Rock,5,3
track_366,0.49022813877895616,0.4898301460649727,0.19633333666828937,102.18715330795996,0.11484368193737292,0.2924198245832567,0.1378804965738049,0.46543825151991963,artist_16,album_6,Pop,5,3
track_367,0.6254048356737949,0.4272547413000051,0.5027713715584646,82.30058248112856,0.10185236041187266,0.19553740044047477,0.5749683174638688,0.37183644776394753,artist_17,album_7,Rock,4,0
track_368,0.5072049685280746,0.6366449726577875,0.19030549187569126,125.05540207000287,0.07097682973072877,0.08841616727021291,0.5982030373743823,0.048218771328485455,artist_18,album_8,Pop,3,1
track_369,0.35568307486549866,0.6058256543482649,0.645177195805792,131.36500898068437,0.08520866299953657,0.4631280787035546,0.16278227561198905,0.025102037393201913,artist_19,album_9,Electronic,4,1
track_370,0.7770778549237632,0.5010783693665695,0.21540149820982138,140.86131709205188,0.3861598672121935,0.0232108526649987,0.14122473274951255,0.032671872580723495,artist_20,album_10,Pop,7,1
track_371,0.40968657984141044,0.6688573482657622,0.6138386446923649,177.38180550919566,0.046691050289707305,0.24493971995469171,0.3067434157905514,0.2538116488704168,artist_21,album_11,Rock,13,2
track_372,0.41556674021659973,0.02062315704374356,0.687136823125997,54.78693286758024,0.3468335002844558,0.06798453294308174,0.15295126510847692,0.014364842762548178,artist_22,album_12,Electronic,8,6
track_373,0.8993449744185308,0.22472079784559995,0.5122094850517559,117.96848407941886,0.6634947320649844,0.3293744347629887,0.3053026757829118,0.1287548647192955,artist_23,album_13,Indie,5,2
track_374,0.17430281861267038,0.3005262942570706,0.8653478393927762,155.75213507464284,0.1715439164373331,0.16732166493921713,0.16536144604509564,0.03957356708887311,artist_24,album_14,Pop,8,3
track_375,0.42970259970058583,0.6779774252780011,0.03791499253739125,116.26432726683406,0.01118253204433416,0.008571888818900834,0.03405632681729427,0.03212228172744838,artist_25,album_15,Pop,6,2
track_376,0.5607251796434377,0.5658806663008037,0.7682774455010584,49.8548263892019,0.16623834188076006,0.12900106877929018,0.4080240365332873,0.020443868243852303,artist_26,album_16,Indie,9,7
track_377,0.40955200008588005,0.14248432414771958,0.5523794015130404,81.26881275450238,0.11902991605138326,0.016483930141887027,0.2773008869552349,0.3555714651294099,artist_27,album_17,Rock,5,3
track_378,0.3417586429244871,0.4377523761189916,0.713278531198389,129.85709549031958,0.0804625658612985,0.044465532386466056,0.12025208059215993,0.551656122015776,artist_28,album_18,Indie,8,1
track_379,0.4638847546087755,0.5741596939979156,0.8224703826767759,128.76591884650023,0.7916148834043721,0.22246792775755972,0.026726300517079485,0.3780097255776682,artist_29,album_19,Rock,6,2
track_380,0.36079145842179455,0.3233452258444271,0.47597449179676693,140.17559095023063,0.47304769684918035,0.3208769452751607,0.19830429841600233,0.12658698088328416,artist_30,album_0,Rock,3,2
track_381,0.735069329240235,0.15036219921769423,0.5064755815769781,96.56973169355447,0.0855461095905749,0.30091158341180985,0.14579552947738603,0.4038937474868876,artist_31,album_1,Rock,5,2
track_382,0.05412309706005629,0.3685864193454884,0.8477244759461295,127.79649704757892,0.08100541105831524,0.21606515486075614,0.03543963877655401,0.2634149882871005,artist_32,album_2,Indie,7,1
track_383,0.574683075457731,0.871100547351077,0.3731048649771722,91.62410076311026,0.08747362903335348,0.06155173411682807,0.05366406082587107,0.4071418720338874,artist_33,album_3,Jazz,7,1
track_384,0.4038344122438353,0.924468760218113,0.6262415038330623,127.79873980931073,0.02238558832595624,0.10956558426363648,0.08197642547409012,0.24413910177433776,artist_34,album_4,Pop,5,1
track_385,0.5595351158092955,0.4569667082153499,0.6186743579113904,121.5963659131062,0.0453109303125714,0.10439835766554763,0.13294145304789629,0.1458889538721575,artist_35,album_5,Hip-Hop,4,1
track_386,0.6303744625010012,0.4328449836002325,0.7884612122227019,95.37419939511287,0.3050742946923291,0.025751724913975003,0.3106736148779071,0.05912087039991146,artist_36,album_6,Pop,5,2
track_387,0.25964982850838114,0.5735812352606291,0.11724717301450312,166.74550892288062,0.056892649758250785,0.16424547363610495,0.4257958405374783,0.05833856446202702,artist_37,album_7,Rock,6,2
track_388,0.5571503392541095,0.5197393909221092,0.11786280962957318,68.8309214951284,0.37030952388342164,0.5130015016234424,0.37688839931946244,0.5053213968154773,artist_38,album_8,Electronic,8,2
track_389,0.1502986514557679,0.22478950304583797,0.3757860755549277,115.75137050968418,0.6089181967849776,0.16905200906330992,0.4455508935973981,0.14639562979506784,artist_39,album_9,Rock,11,0
track_390,0.2010900355996999,0.18471141606823938,0.4704811096831824,94.7128330702707,0.1904053009604615,0.16360933380794443,0.033242488008353596,0.5531444443523263,artist_40,album_10,Jazz,8,2
track_391,0.6636382406195102,0.7494160273041691,0.5254481654466656,175.02606107568823,0.4615406182558979,0.051948953587735394,0.19254036872526709,0.14358229174365675,artist_41,album_11,Hip-Hop,6,5
track_392,0.4304939571765211,0.17091850370525594,0.2790527682571625,137.95194022861256,0.2127530185882641,0.10889838384065485,0.02886756145043209,0.082742813429082,artist_42,album_12,Jazz,4,2
track_393,0.8056644063714523,0.8674454476948016,0.09075940245771559,100.52068873888831,0.11917928418078415,0.11060756317322759,0.24075901150852344,0.24632487734802033,artist_43,album_13,Indie,5,2
track_394,0.5197109623679601,0.1020772043598418,0.9540739619121783,111.60854132038882,0.018377003565669868,0.4802274703653142,0.1026310933878445,0.35868325606405793,artist_44,album_14,Pop,5,2
track_395,0.3984459148909859,0.866272666119163,0.3694574230278456,175.83772121941587,0.3254076273979363,0.004950643658720908,0.4298783281229735,0.14161214756537144,artist_45,album_15,Pop,9,2
track_396,0.4561679889055216,0.3750042546131254,0.8008371825052734,91.61173104809909,0.06327564067832654,0.10948774839564451,0.5815608071426623,0.0023322134332965107,artist_46,album_16,Rock,9,2
track_397,0.4034121754387273,0.08198224291117921,0.28568566377282495,67.06655483308325,0.6225301881353572,0.03603106701208829,0.292227812737399,0.12705161515032845,artist_47,album_17,Pop,5,4
track_398,0.3694174430104085,0.7217774266877539,0.48097680344280475,128.73020587391443,0.14474089036029647,0.06701741582708386,0.022405156616596825,0.0350174215190809,artist_48,album_18,Rock,5,4
track_399,0.2333639712371543,0.5527466750314622,0.21427202548851296,129.40921102223462,0.2255014418871354,0.19156564503010143,0.08060431496144804,0.34098838935282166,artist_49,album_19,Rock,9,3
track_400,0.6521030174412638,0.5397833224253171,0.8938300813194259,139.98103720169578,0.08299568296607608,0.22662888708609086,0.21392599430747372,0.38695309940319966,artist_0,album_0,Jazz,5,2
track_401,0.6072441010240631,0.45891807172473625,0.3512281619234551,140.17877282615856,0.16748813902620618,0.0951024546660623,0.6086511499001377,0.3330622278547509,artist_1,album_1,Rock,7,1
track_402,0.7654665379190502,0.4437944365923319,0.171891856142796,173.121169522014,0.5635098886307306,0.21749057353311219,0.1804657812352717,0.26225819173566056,artist_2,album_2,Indie,7,1
track_403,0.5114966349242623,0.3223077778784458,0.8321817539114693,68.45587528871893,0.20075082513922438,0.3124067057138277,0.0049944798506073845,0.003229169561132827,artist_3,album_3,Jazz,2,2
track_404,0.7486434539972887,0.4282521278854373,0.363886604714556,83.91590416064001,0.07764534203231742,0.009948280418137423,0.1987845307453064,0.027756147076773038,artist_4,album_4,Electronic,6,3
track_405,0.4149360861618752,0.5256960731150283,0.7934216218525126,139.86610001838562,0.29465748956862386,0.04466277726106338,0.45015463515565374,0.11176358862847752,artist_5,album_5,Pop,4,2
track_406,0.459302031663626,0.15315072122654783,0.4981480231444387,86.83123494856679,0.5434592065991907,0.04760741310484037,0.015004020221906266,0.0030901963228383176,artist_6,album_6,Rock,10,2
track_407,0.7957964320949734,0.6659165889926362,0.08091468371884286,76.30236080221908,0.13793386754837808,0.210807821943025,0.02253533270396094,0.11575302864403078,artist_7,album_7,Rock,5,2
track_408,0.6999497656445272,0.31471833648978415,0.8383419756494336,175.97533656855813,0.42578746056871597,0.046505792287018205,0.1429581927867635,0.12203465273654197,artist_8,album_8,Rock,9,4
track_409,0.693351406022942,0.07361905734189084,0.3286662908569644,71.40173605007138,0.6294475441449195,0.1494959167496389,0.17448509737854326,0.04535262050171716,artist_9,album_9,Rock,9,4
track_410,0.20412719993606246,0.42588697112574053,0.5845029033063914,109.46183888668064,0.07565383433885108,0.264431883850178,0.08416162047866627,0.1690589147438112,artist_10,album_10,Electronic,3,4
track_411,0.56257257163834,0.5203271223784769,0.535628992684389,118.21897646305787,0.49414909262030854,0.09166504708558589,0.24201315812930171,0.10575392118071836,artist_11,album_11,Rock,7,4
track_412,0.7370465065650244,0.30407841904105914,0.2618972673741222,159.27409925889833,0.007431281306770661,0.0801958317854937,0.12862557569498848,0.14830036860200613,artist_12,album_12,Hip-Hop,10,1
track_413,0.6404729761012549,0.2514187060988534,0.7891625224328321,63.93590825152588,0.4136247293436833,0.23348847709814718,0.022444567461803122,0.018657355227253574,artist_13,album_13,Jazz,5,1
track_414,0.6866176360684745,0.1704595482578861,0.8281625731707659,132.46425454518746,0.14313050229661106,0.10417056094137805,0.1476150234029636,0.5223713633032744,artist_14,album_14,Pop,5,0
track_415,0.7894592840662367,0.4018206368702751,0.2760926416523227,93.28868825219766,0.6707422318233793,0.0878935176409356,0.1836787030376363,0.2636810640561555,artist_15,album_15,Rock,7,1
track_416,0.24163780843683072,0.2153638767272868,0.4620555931359446,138.82833637777352,0.004744684488906863,0.15001827190839875,0.07111267724404711,0.08249380444819229,artist_16,album_16,Indie,14,2
track_417,0.3962256984185594,0.29537369464825985,0.4479835742146222,92.79576821919423,0.04893856239245974,0.10283061177560629,0.063540524048163,0.045569595098029575,artist_17,album_17,Pop,7,4
track_418,0.8073551500348415,0.2638989021672577,0.5097139600271757,167.16918768557332,0.14163139791032087,0.22322459622536744,0.10625554534434713,0.018331799793662142,artist_18,album_18,Hip-Hop,9,2
track_419,0.6108196700171952,0.17511397607063808,0.4893607003779985,92.97089944721235,0.2503540934143938,0.2271292973731539,0.02865769474057379,0.14543484771115256,artist_19,album_19,Pop,9,2
track_420,0.08716603270128277,0.7926567951405198,0.45830235093098903,46.1406088233025,0.18916020115218518,0.28341517448035014,0.45956274757098436,0.41382225365563846,artist_20,album_0,Electronic,2,4
track_421,0.1210457353995053,0.39024649603584155,0.4921865611786138,96.33452250776097,0.14569441687811505,0.07350657514896573,0.26319474654835306,0.21490972233568204,artist_21,album_1,Rock,9,1
track_422,0.4386534863643234,0.8480354280584896,0.7394890316182211,112.16099668293315,0.1994530512942751,0.06280085908966876,0.044734023978045497,0.5188572936689159,artist_22,album_2,Rock,5,1
track_423,0.5687482662037904,0.34976409711822504,0.5176240674287255,152.47061619486925,0.715957077977912,0.45200900243651165,0.24022611054976897,0.30161256998160907,artist_23,album_3,Hip-Hop,5,3
track_424,0.32974619419114787,0.6747080032928741,0.8939985163652481,82.24755508305238,0.20829903686949325,0.028314013879592644,0.11168273103324755,0.10235362638403417,artist_24,album_4,Pop,3,1
track_425,0.4587565092329525,0.7419619638234982,0.319925352663655,82.84061618657773,0.07809338489942295,0.01854147164466211,0.10113262051845986,0.06269533428627398,artist_25,album_5,Pop,7,2
track_426,0.29031383923406695,0.8121762295920545,0.7086819455678194,148.81733711126952,0.25899514696605697,0.014285873039424633,0.2962340495953552,0.015759643777581468,artist_26,album_6,Rock,7,1
track_427,0.5077697728097773,0.5554915052092941,0.4788935076538158,78.74324646113382,0.05712995858443607,0.3150541223214782,0.06298085849863272,0.08841709387698998,artist_27,album_7,Rock,4,0
track_428,0.1095910277143867,0.3854339123840556,0.4258349998728921,114.63049675824928,0.35849796683592816,0.21134604197466017,0.46041085093777756,0.13777778647437616,artist_28,album_8,Hip-Hop,6,4
track_429,0.6622175436187665,0.5462779819226878,0.5918415479697096,115.24046449592963,0.13787033875333296,0.2623525039584101,0.04813999909252031,0.025067865234375004,artist_29,album_9,Hip-Hop,9,1
track_430,0.5457090428493959,0.5374130856583297,0.6344353524174822,126.52738609028887,0.11742107471935827,0.4855373999405905,0.3875040308790842,0.004023778832397274,artist_30,album_10,Hip-Hop,10,2
track_431,0.6205345366654692,0.2985013670371157,0.6735104859267677,97.504553688522,0.14110541573919072,0.07562706170125807,0.43545199989447336,0.18788159976882235,artist_31,album_11,Hip-Hop,4,0
track_432,0.12288498234789269,0.4599408339844254,0.6299678732266201,92.19016839976312,0.6574588705480874,0.17252586528434888,0.13008157120059127,0.3649607802197187,artist_32,album_12,Rock,3,1
track_433,0.3959138646849596,0.29844648536985885,0.7338323225712208,130.04683325256877,0.0014476983429594114,0.2784455034577171,0.15453539847094291,0.3613705782942688,artist_33,album_13,Pop,8,1
track_434,0.8371751161246453,0.798000143472756,0.6679235875375754,93.12012440490642,0.07735513982747487,0.3815116073795948,0.1939287185654615,0.030531831118024762,artist_34,album_14,Indie,7,0
track_435,0.45048782185877856,0.10052708158778897,0.8711449989818371,79.20092429642476,0.48490726061736394,0.17024540877932728,0.348351922073731,0.21393287339710595,artist_35,album_15,Electronic,7,0
track_436,0.7118112179095033,0.5126412017828089,0.5957814119164146,156.83399963555055,0.5893550574453408,0.20055822770899595,0.005943917401414059,0.09615631548779822,artist_36,album_16,Pop,7,4
track_437,0.5046757375147426,0.254503950180589,0.6293295674084862,134.64286144137546,0.1426194120067392,0.040219619549080154,0.6500067996775956,0.012392174358261458,artist_37,album_17,Rock,5,1
track_438,0.3304549305078012,0.5408289906263876,0.4399445010329564,173.0250718729602,0.20198483601664663,0.20211983749825785,0.5632037525146093,0.03031516346655115,artist_38,album_18,Rock,7,0
track_439,0.9389037162923564,0.3947752038680594,0.3770991326009653,143.51902953650838,0.019421293957025278,0.1365320132810386,0.17128303782524443,0.2177314253765404,artist_39,album_19,Hip-Hop,11,0
track_440,0.6376889105665139,0.39925401064500693,0.22338086387353784,81.95569045105505,0.11573316623881866,0.21955990519705926,0.25952491328663346,0.28566507037872607,artist_40,album_0,Hip-Hop,5,4
track_441,0.8726883641117517,0.38259306708967683,0.5374013821959479,122.89107720179987,0.20191791109378593,0.019885025111323895,0.2556063403920115,0.18309294982852703,artist_41,album_1,Pop,4,4
track_442,0.2688887435611945,0.40189566547866795,0.17394379592143513,89.53115235845262,0.1687021987581218,0.06991811813357485,0.06088009584515733,0.0655433957623444,artist_42,album_2,Indie,1,2
track_443,0.18017084796852875,0.5979609580429861,0.7278985951732657,70.45171209845148,0.3888563584938727,0.029754145873253642,0.01567614288825202,0.008402784440703467,artist_43,album_3,Pop,9,2
track_444,0.6463899556358209,0.5324291210296724,0.44255519906256635,106.5840182079005,0.008038351121354101,0.06204409454713037,0.12265161653777945,0.25921222549990114,artist_44,album_4,Rock,4,1
track_445,0.5519208948673409,0.7506697512593629,0.3210021571020234,149.44598625897365,0.22436498961338147,0.6085803588225228,0.07585714883453859,0.6808129070187151,artist_45,album_5,Electronic,5,1
track_446,0.47845116776371416,0.319432197846067,0.10392322171812873,128.2473813236252,0.13860607512295262,0.4559821057798441,0.22745772349966165,0.24018393609633923,artist_46,album_6,Rock,6,1
track_447,0.6623147234493371,0.5294887370023533,0.6583114587026467,78.27317606223687,0.22123084705867682,0.1407493379766663,0.4148598322335194,0.410203409572385,artist_47,album_7,Pop,4,5
track_448,0.42338542671745494,0.640072414024239,0.6642105494441305,105.52975274361789,0.02617579227813363,0.10029304618955745,0.07391881853971266,0.08884466840321727,artist_48,album_8,Jazz,3,0
track_449,0.3029416622361213,0.3798740880583626,0.5656542797704485,115.7140024397406,0.24857062804289007,0.204220245648335,0.14576376497884572,0.4221984923600418,artist_49,album_9,Electronic,9,5
track_450,0.2579767789001284,0.8621443947151246,0.39859685793259647,69.32662638087466,0.1227124061661684,0.19276045332836766,0.034104481047008965,0.49122163650383704,artist_0,album_10,Indie,5,1
track_451,0.5364206964045242,0.5277994937625765,0.5811967403388727,141.39517095745836,0.03254188667145013,0.24598580538919132,0.05585940346264506,0.29518320119785824,artist_1,album_11,Rock,4,1
track_452,0.2774096702340002,0.7537656684480383,0.05239226182610258,113.13794921223744,0.07411374135995981,0.04068690389306053,0.2801012554191279,0.15178079462080138,artist_2,album_12,Pop,9,0
track_453,0.7884482791181512,0.42455170213145543,0.47422973426205095,78.28215417203828,0.13168998018128963,0.26841820852492876,0.005213921407809843,0.13910269601516928,artist_3,album_13,Jazz,6,1
track_454,0.6630935784326627,0.0793677925884388,0.7690251628507678,76.58479218776797,0.12979379029990484,0.09806208807270764,0.2522870716754886,0.3177414937936131,artist_4,album_14,Hip-Hop,7,2
track_455,0.704818879681985,0.7493944990244058,0.14390843033751557,153.01991834764831,0.9141621494262628,0.08489691529347183,0.25572718038175174,0.15206361894732617,artist_5,album_15,Electronic,8,2
track_456,0.8144333372228573,0.47335790040575587,0.16660323936519864,108.57560903562842,0.22838486929284663,0.05509413770970885,0.34539296749727727,0.590441524273548,artist_6,album_16,Rock,11,0
track_457,0.6096066912848822,0.8026277972780792,0.4381252086305977,155.71056086869234,0.0966950294858519,0.001442137216239813,0.5457617089288208,0.1421847443017031,artist_7,album_17,Rock,8,3
track_458,0.3670478821510229,0.45011915532539176,0.26613869906336984,167.16466439708145,0.031300516546517096,0.26299145320123024,0.05479113120203628,0.036430590933215164,artist_8,album_18,Jazz,4,3
track_459,0.22225256786737532,0.7310964102815339,0.6773728338410084,150.67344818567773,0.038016533885615086,0.004056529957073775,0.22697981212890028,0.4534911295395259,artist_9,album_19,Hip-Hop,4,3
track_460,0.5147388455416955,0.9538676092990253,0.24175529723929737,103.99704760147527,0.6282336524401211,0.45189832023954984,0.1250755017493899,0.18600563111353635,artist_10,album_0,Pop,8,1
track_461,0.23850241677678294,0.46610288454623594,0.34232112141023274,45.06458641298158,0.3947626894752986,0.10208659239031004,0.018087145064661296,0.07722062210392518,artist_11,album_1,Pop,4,1
track_462,0.28619091776631783,0.43938351731332187,0.38325533468492196,129.38988913604484,0.35756295799498616,0.06973858268232914,0.013530947917936076,0.1562466814421789,artist_12,album_2,Rock,4,2
track_463,0.21813598830979905,0.627980350417233,0.5215808925235305,182.74729109335644,0.014742941162454892,0.061730978600358755,0.1300389708546726,0.13114897336215842,artist_13,album_3,Pop,4,0
track_464,0.6582106466987958,0.47637523574612967,0.2798094861612078,118.93829765478525,0.34035268651823286,0.19406947348580875,0.13520955476031132,0.1994427185303409,artist_14,album_4,Rock,9,2
track_465,0.39781458733867703,0.30078454884002664,0.5546720689761168,60.30553443602559,0.6026658139327499,0.5138417676567736,0.054767814480093394,0.027451840167810476,artist_15,album_5,Rock,3,2
track_466,0.500069716285166,0.5360639846176873,0.25953526591905834,99.75364510709647,0.34464826876254,0.18250971862112955,0.18847317339055655,0.20541938305734112,artist_16,album_6,Indie,6,1
track_467,0.27699665140257157,0.4988571368512556,0.41370846943377737,114.48800175699586,0.4760903145084626,0.045185381033610014,0.37833018999599277,0.16907969719201943,artist_17,album_7,Rock,5,0
track_468,0.3527327199025528,0.5714866450189627,0.21307847801361646,87.06034297740608,0.015468505259067856,0.01847277802081986,0.5180673531213887,0.3982559593634481,artist_18,album_8,Jazz,3,3
track_469,0.671741909365839,0.8309016647323576,0.7822516653606242,43.08138096060333,0.07115510106278702,0.12055966187172416,0.022684603688550013,0.3934746949438473,artist_19,album_9,Pop,4,2
track_470,0.16302116084000115,0.4929544640890551,0.6414827692413035,117.06447689354626,0.26885258173202115,0.13310111966423024,0.09011029277348491,0.007680639192439673,artist_20,album_10,Hip-Hop,3,1
track_471,0.6674054849043554,0.26860066494826834,0.3555677584470846,96.45371260927121,0.0840536486206631,0.450118532007093,0.02018431358798546,0.05694795406742763,artist_21,album_11,Pop,7,1
track_472,0.7446456540996051,0.969604489666087,0.8953592396395529,173.18074982699747,0.20189285251515607,0.048684806783272645,0.19322047522787272,0.04282984591926729,artist_22,album_12,Indie,4,1
track_473,0.6435113719784534,0.12856316574956284,0.35123583755818993,123.03100463948388,0.09161866590870975,0.2123830591560177,0.12155164224467328,0.06020576299965324,artist_23,album_13,Jazz,7,0
track_474,0.30654775635390813,0.64451132579901,0.4368892628827988,134.08736690695176,0.1809887376519741,0.37561400410865875,0.10729344554327853,0.08366369240530404,artist_24,album_14,Electronic,6,3
track_475,0.4050169210124223,0.274635767213863,0.30443428075377943,116.42741569511824,0.08281566542823596,0.0771863375014924,0.5695038294800293,0.37035235648980547,artist_25,album_15,Hip-Hop,5,3
track_476,0.2787084081904574,0.7456294627761663,0.21975449923865997,122.81199909521558,0.25716484978218557,0.0739080161463691,0.22267339669431557,0.09638090741877336,artist_26,album_16,Rock,7,2
track_477,0.4208428905878401,0.7668912420277479,0.20670740350768518,70.43102134913569,0.4109308036796086,0.06927956470536493,0.2749729626259199,0.061069752925115836,artist_27,album_17,Electronic,7,2
track_478,0.5684315492801173,0.32989173473031225,0.9088514099059999,88.79501084336133,0.3287230092206098,0.4201660868112408,0.18985868453938773,0.09233174053090143,artist_28,album_18,Jazz,7,1
track_479,0.609015876515204,0.663530500846304,0.5408422039729281,152.65844103958057,0.02941189640563965,0.03859254392433538,0.4300500100376233,0.10351700642824824,artist_29,album_19,Jazz,8,6
track_480,0.5869917037710328,0.2715091892247628,0.34068563333023255,126.28385909190591,0.07817181759399994,0.2061231671444779,0.14292970563786905,0.10533483225021355,artist_30,album_0,Rock,11,1
track_481,0.3599512449832255,0.2240270390006096,0.3009082675043042,108.04479246352459,0.42725007100171086,0.19810979607466042,0.03388382808788169,0.21574450681532226,artist_31,album_1,Jazz,13,3
track_482,0.29284219922528437,0.12914184240325266,0.46925004272201204,134.58513724397622,0.5795649859055604,0.11588534500299817,0.01640957083997786,0.5369570298717291,artist_32,album_2,Pop,6,1
track_483,0.7810393972323835,0.5903248370701344,0.7883991891116665,135.1758572952178,0.31518751949425006,0.16628980608929858,0.46279993187012675,0.30566166771885267,artist_33,album_3,Pop,8,2
track_484,0.615315143977304,0.6957876191529992,0.19214355062078545,179.72683898832622,0.2641567886989965,0.05853507771522758,0.018002380987494748,0.35478451249665677,artist_34,album_4,Pop,11,1
track_485,0.7649972556589602,0.651028351577538,0.27985546849596493,124.89199031656733,0.1974115539942965,0.06625601910555051,0.17015218640932317,0.23187660438367472,artist_35,album_5,Pop,3,0
track_486,0.6699734197156128,0.3630708752208576,0.4483473737632179,88.12477273469096,0.08032447991193947,0.00533108821895338,0.18307414364689775,0.06129397468792293,artist_36,album_6,Indie,5,2
track_487,0.16438375471925434,0.246944662762971,0.7117452631475817,116.52910551252997,0.06392888250107866,0.32760173631071215,0.12833726442504761,0.046409999509484864,artist_37,album_7,Electronic,7,1
track_488,0.7648473016952363,0.19677133796443663,0.13174535263381754,138.22696881364132,0.14409535704131582,0.17688190315578353,0.037851601027762825,0.07304237143991747,artist_38,album_8,Indie,5,2
track_489,0.45326637563909833,0.5638540385467231,0.6393250995572812,149.86977034286107,0.3975466130647051,0.3213723859706509,0.46840326384725817,0.3367288150721378,artist_39,album_9,Hip-Hop,6,1
track_490,0.8331599093924955,0.9126439597248843,0.8966558848764881,71.54904383616362,0.3985900429241936,0.14060031543899343,0.03395863299767964,0.004074115432505834,artist_40,album_10,Hip-Hop,4,3
track_491,0.3788211829446405,0.7814281038868872,0.07191531527381329,127.6112015847544,0.33345565757322665,0.09447050191820729,0.2669156223910012,0.12632409974694975,artist_41,album_11,Indie,4,1
track_492,0.9812330762955945,0.7607522413471406,0.8134746991663306,93.08235217505651,0.6558810067730622,0.18950779420505512,0.439115915508773,0.2021460683547095,artist_42,album_12,Rock,4,2
track_493,0.5279547945954604,0.5734629341627482,0.9294185690817701,103.00104226141673,0.2952229257461991,0.2150863173616751,0.043076844145921014,0.12744550003906385,artist_43,album_13,Electronic,7,3
track_494,0.4666919857345676,0.9450074652095333,0.4611593017144682,145.37518872730178,0.39063212921652424,0.031595751234383525,0.19497926315835984,0.3540533337656978,artist_44,album_14,Hip-Hop,6,6
track_495,0.694032838181014,0.17339075545959662,0.8291351708219946,142.38745618295695,0.06528242212922256,0.3318549037886762,0.6286712040351027,0.20366735981032483,artist_45,album_15,Hip-Hop,10,4
track_496,0.1881676958738937,0.6061793505716271,0.7718047730402238,99.65542616407323,0.29852323999322383,0.0631318460706451,0.12878797231538666,0.1364686552658861,artist_46,album_16,Hip-Hop,2,2
track_497,0.2581769783045732,0.7813962164871724,0.542711588787961,115.2647393687975,0.33097722514114986,0.44052602744230335,0.24408892027046836,0.3979209561426139,artist_47,album_17,Electronic,6,2
track_498,0.6483579190037179,0.19566351596670983,0.7190462274311096,103.91754614637439,0.3023948372905821,0.09474475159182824,0.3973729332073659,0.1457392929633908,artist_48,album_18,Pop,7,0
track_499,0.5593313698542556,0.4853019028783693,0.1502994273705999,206.75108969870303,0.4365907998058486,0.29057864130613226,0.16082293826238228,0.09032457459406429,artist_49,album_19,Rock,6,2
